ISO-10303-21;
HEADER;
FILE_DESCRIPTION(('Open CASCADE Model'),'2;1');
FILE_NAME('Open CASCADE Shape Model','2026-09-15T04:46:39',('Author'),(
    'Open CASCADE'),'Open CASCADE STEP processor 7.9','Open CASCADE 7.9'
  ,'Unknown');
FILE_SCHEMA(('AUTOMOTIVE_DESIGN { 1 0 10303 214 1 1 1 1 }'));
ENDSEC;
DATA;
#1 = APPLICATION_PROTOCOL_DEFINITION('international standard',
  'automotive_design',2000,#2);
#2 = APPLICATION_CONTEXT(
  'core data for automotive mechanical design processes');
#3 = SHAPE_DEFINITION_REPRESENTATION(#4,#10);
#4 = PRODUCT_DEFINITION_SHAPE('','',#5);
#5 = PRODUCT_DEFINITION('design','',#6,#9);
#6 = PRODUCT_DEFINITION_FORMATION('','',#7);
#7 = PRODUCT('LockIt_clear','LockIt_clear','',(#8));
#8 = PRODUCT_CONTEXT('',#2,'mechanical');
#9 = PRODUCT_DEFINITION_CONTEXT('part definition',#2,'design');
#10 = SHAPE_REPRESENTATION('',(#11,#15,#19,#23),#27);
#11 = AXIS2_PLACEMENT_3D('',#12,#13,#14);
#12 = CARTESIAN_POINT('',(0.,0.,0.));
#13 = DIRECTION('',(0.,0.,1.));
#14 = DIRECTION('',(1.,0.,-0.));
#15 = AXIS2_PLACEMENT_3D('',#16,#17,#18);
#16 = CARTESIAN_POINT('',(0.,0.,0.));
#17 = DIRECTION('',(0.,0.,1.));
#18 = DIRECTION('',(1.,0.,-0.));
#19 = AXIS2_PLACEMENT_3D('',#20,#21,#22);
#20 = CARTESIAN_POINT('',(0.,240.5,215.));
#21 = DIRECTION('',(0.,0.,1.));
#22 = DIRECTION('',(1.,0.,-0.));
#23 = AXIS2_PLACEMENT_3D('',#24,#25,#26);
#24 = CARTESIAN_POINT('',(0.,240.5,215.));
#25 = DIRECTION('',(0.,0.,1.));
#26 = DIRECTION('',(1.,0.,-0.));
#27 = ( GEOMETRIC_REPRESENTATION_CONTEXT(3) 
GLOBAL_UNCERTAINTY_ASSIGNED_CONTEXT((#31)) GLOBAL_UNIT_ASSIGNED_CONTEXT(
(#28,#29,#30)) REPRESENTATION_CONTEXT('Context #1',
  '3D Context with UNIT and UNCERTAINTY') );
#28 = ( LENGTH_UNIT() NAMED_UNIT(*) SI_UNIT(.MILLI.,.METRE.) );
#29 = ( NAMED_UNIT(*) PLANE_ANGLE_UNIT() SI_UNIT($,.RADIAN.) );
#30 = ( NAMED_UNIT(*) SI_UNIT($,.STERADIAN.) SOLID_ANGLE_UNIT() );
#31 = UNCERTAINTY_MEASURE_WITH_UNIT(LENGTH_MEASURE(1.E-07),#28,
  'distance_accuracy_value','confusion accuracy');
#32 = PRODUCT_RELATED_PRODUCT_CATEGORY('part',$,(#7));
#33 = SHAPE_DEFINITION_REPRESENTATION(#34,#40);
#34 = PRODUCT_DEFINITION_SHAPE('','',#35);
#35 = PRODUCT_DEFINITION('design','',#36,#39);
#36 = PRODUCT_DEFINITION_FORMATION('','',#37);
#37 = PRODUCT('gabinete','gabinete','',(#38));
#38 = PRODUCT_CONTEXT('',#2,'mechanical');
#39 = PRODUCT_DEFINITION_CONTEXT('part definition',#2,'design');
#40 = ADVANCED_BREP_SHAPE_REPRESENTATION('',(#11,#41),#1021);
#41 = MANIFOLD_SOLID_BREP('',#42);
#42 = CLOSED_SHELL('',(#43,#163,#363,#413,#467,#592,#619,#752,#779,#806,
    #813,#889,#938,#987,#1014));
#43 = ADVANCED_FACE('',(#44),#58,.F.);
#44 = FACE_BOUND('',#45,.F.);
#45 = EDGE_LOOP('',(#46,#81,#109,#137));
#46 = ORIENTED_EDGE('',*,*,#47,.F.);
#47 = EDGE_CURVE('',#48,#50,#52,.T.);
#48 = VERTEX_POINT('',#49);
#49 = CARTESIAN_POINT('',(-165.,-226.5,430.));
#50 = VERTEX_POINT('',#51);
#51 = CARTESIAN_POINT('',(-165.,226.5,430.));
#52 = SURFACE_CURVE('',#53,(#57,#69),.PCURVE_S1.);
#53 = LINE('',#54,#55);
#54 = CARTESIAN_POINT('',(-165.,-232.5,430.));
#55 = VECTOR('',#56,1.);
#56 = DIRECTION('',(0.,1.,0.));
#57 = PCURVE('',#58,#63);
#58 = PLANE('',#59);
#59 = AXIS2_PLACEMENT_3D('',#60,#61,#62);
#60 = CARTESIAN_POINT('',(-165.,-232.5,0.));
#61 = DIRECTION('',(1.,0.,0.));
#62 = DIRECTION('',(0.,0.,1.));
#63 = DEFINITIONAL_REPRESENTATION('',(#64),#68);
#64 = LINE('',#65,#66);
#65 = CARTESIAN_POINT('',(430.,0.));
#66 = VECTOR('',#67,1.);
#67 = DIRECTION('',(0.,-1.));
#68 = ( GEOMETRIC_REPRESENTATION_CONTEXT(2) 
PARAMETRIC_REPRESENTATION_CONTEXT() REPRESENTATION_CONTEXT('2D SPACE',''
  ) );
#69 = PCURVE('',#70,#75);
#70 = PLANE('',#71);
#71 = AXIS2_PLACEMENT_3D('',#72,#73,#74);
#72 = CARTESIAN_POINT('',(-165.,-232.5,430.));
#73 = DIRECTION('',(0.,0.,1.));
#74 = DIRECTION('',(1.,0.,0.));
#75 = DEFINITIONAL_REPRESENTATION('',(#76),#80);
#76 = LINE('',#77,#78);
#77 = CARTESIAN_POINT('',(0.,0.));
#78 = VECTOR('',#79,1.);
#79 = DIRECTION('',(0.,1.));
#80 = ( GEOMETRIC_REPRESENTATION_CONTEXT(2) 
PARAMETRIC_REPRESENTATION_CONTEXT() REPRESENTATION_CONTEXT('2D SPACE',''
  ) );
#81 = ORIENTED_EDGE('',*,*,#82,.F.);
#82 = EDGE_CURVE('',#83,#48,#85,.T.);
#83 = VERTEX_POINT('',#84);
#84 = CARTESIAN_POINT('',(-165.,-226.5,0.));
#85 = SURFACE_CURVE('',#86,(#90,#97),.PCURVE_S1.);
#86 = LINE('',#87,#88);
#87 = CARTESIAN_POINT('',(-165.,-226.5,0.));
#88 = VECTOR('',#89,1.);
#89 = DIRECTION('',(0.,0.,1.));
#90 = PCURVE('',#58,#91);
#91 = DEFINITIONAL_REPRESENTATION('',(#92),#96);
#92 = LINE('',#93,#94);
#93 = CARTESIAN_POINT('',(0.,-6.));
#94 = VECTOR('',#95,1.);
#95 = DIRECTION('',(1.,0.));
#96 = ( GEOMETRIC_REPRESENTATION_CONTEXT(2) 
PARAMETRIC_REPRESENTATION_CONTEXT() REPRESENTATION_CONTEXT('2D SPACE',''
  ) );
#97 = PCURVE('',#98,#103);
#98 = CYLINDRICAL_SURFACE('',#99,6.);
#99 = AXIS2_PLACEMENT_3D('',#100,#101,#102);
#100 = CARTESIAN_POINT('',(-159.,-226.5,0.));
#101 = DIRECTION('',(0.,0.,1.));
#102 = DIRECTION('',(-1.,-0.,0.));
#103 = DEFINITIONAL_REPRESENTATION('',(#104),#108);
#104 = LINE('',#105,#106);
#105 = CARTESIAN_POINT('',(0.,0.));
#106 = VECTOR('',#107,1.);
#107 = DIRECTION('',(0.,1.));
#108 = ( GEOMETRIC_REPRESENTATION_CONTEXT(2) 
PARAMETRIC_REPRESENTATION_CONTEXT() REPRESENTATION_CONTEXT('2D SPACE',''
  ) );
#109 = ORIENTED_EDGE('',*,*,#110,.T.);
#110 = EDGE_CURVE('',#83,#111,#113,.T.);
#111 = VERTEX_POINT('',#112);
#112 = CARTESIAN_POINT('',(-165.,226.5,0.));
#113 = SURFACE_CURVE('',#114,(#118,#125),.PCURVE_S1.);
#114 = LINE('',#115,#116);
#115 = CARTESIAN_POINT('',(-165.,-232.5,0.));
#116 = VECTOR('',#117,1.);
#117 = DIRECTION('',(0.,1.,0.));
#118 = PCURVE('',#58,#119);
#119 = DEFINITIONAL_REPRESENTATION('',(#120),#124);
#120 = LINE('',#121,#122);
#121 = CARTESIAN_POINT('',(0.,0.));
#122 = VECTOR('',#123,1.);
#123 = DIRECTION('',(0.,-1.));
#124 = ( GEOMETRIC_REPRESENTATION_CONTEXT(2) 
PARAMETRIC_REPRESENTATION_CONTEXT() REPRESENTATION_CONTEXT('2D SPACE',''
  ) );
#125 = PCURVE('',#126,#131);
#126 = PLANE('',#127);
#127 = AXIS2_PLACEMENT_3D('',#128,#129,#130);
#128 = CARTESIAN_POINT('',(-165.,-232.5,0.));
#129 = DIRECTION('',(0.,0.,1.));
#130 = DIRECTION('',(1.,0.,0.));
#131 = DEFINITIONAL_REPRESENTATION('',(#132),#136);
#132 = LINE('',#133,#134);
#133 = CARTESIAN_POINT('',(0.,0.));
#134 = VECTOR('',#135,1.);
#135 = DIRECTION('',(0.,1.));
#136 = ( GEOMETRIC_REPRESENTATION_CONTEXT(2) 
PARAMETRIC_REPRESENTATION_CONTEXT() REPRESENTATION_CONTEXT('2D SPACE',''
  ) );
#137 = ORIENTED_EDGE('',*,*,#138,.T.);
#138 = EDGE_CURVE('',#111,#50,#139,.T.);
#139 = SURFACE_CURVE('',#140,(#144,#151),.PCURVE_S1.);
#140 = LINE('',#141,#142);
#141 = CARTESIAN_POINT('',(-165.,226.5,0.));
#142 = VECTOR('',#143,1.);
#143 = DIRECTION('',(0.,0.,1.));
#144 = PCURVE('',#58,#145);
#145 = DEFINITIONAL_REPRESENTATION('',(#146),#150);
#146 = LINE('',#147,#148);
#147 = CARTESIAN_POINT('',(0.,-459.));
#148 = VECTOR('',#149,1.);
#149 = DIRECTION('',(1.,0.));
#150 = ( GEOMETRIC_REPRESENTATION_CONTEXT(2) 
PARAMETRIC_REPRESENTATION_CONTEXT() REPRESENTATION_CONTEXT('2D SPACE',''
  ) );
#151 = PCURVE('',#152,#157);
#152 = CYLINDRICAL_SURFACE('',#153,6.);
#153 = AXIS2_PLACEMENT_3D('',#154,#155,#156);
#154 = CARTESIAN_POINT('',(-159.,226.5,0.));
#155 = DIRECTION('',(0.,0.,1.));
#156 = DIRECTION('',(-1.,-0.,0.));
#157 = DEFINITIONAL_REPRESENTATION('',(#158),#162);
#158 = LINE('',#159,#160);
#159 = CARTESIAN_POINT('',(-0.,0.));
#160 = VECTOR('',#161,1.);
#161 = DIRECTION('',(-0.,1.));
#162 = ( GEOMETRIC_REPRESENTATION_CONTEXT(2) 
PARAMETRIC_REPRESENTATION_CONTEXT() REPRESENTATION_CONTEXT('2D SPACE',''
  ) );
#163 = ADVANCED_FACE('',(#164),#70,.T.);
#164 = FACE_BOUND('',#165,.T.);
#165 = EDGE_LOOP('',(#166,#167,#191,#219,#252,#280,#309,#337));
#166 = ORIENTED_EDGE('',*,*,#47,.F.);
#167 = ORIENTED_EDGE('',*,*,#168,.T.);
#168 = EDGE_CURVE('',#48,#169,#171,.T.);
#169 = VERTEX_POINT('',#170);
#170 = CARTESIAN_POINT('',(-159.,-232.5,430.));
#171 = SURFACE_CURVE('',#172,(#177,#184),.PCURVE_S1.);
#172 = CIRCLE('',#173,6.);
#173 = AXIS2_PLACEMENT_3D('',#174,#175,#176);
#174 = CARTESIAN_POINT('',(-159.,-226.5,430.));
#175 = DIRECTION('',(0.,0.,1.));
#176 = DIRECTION('',(0.,-1.,0.));
#177 = PCURVE('',#70,#178);
#178 = DEFINITIONAL_REPRESENTATION('',(#179),#183);
#179 = CIRCLE('',#180,6.);
#180 = AXIS2_PLACEMENT_2D('',#181,#182);
#181 = CARTESIAN_POINT('',(6.,6.));
#182 = DIRECTION('',(0.,-1.));
#183 = ( GEOMETRIC_REPRESENTATION_CONTEXT(2) 
PARAMETRIC_REPRESENTATION_CONTEXT() REPRESENTATION_CONTEXT('2D SPACE',''
  ) );
#184 = PCURVE('',#98,#185);
#185 = DEFINITIONAL_REPRESENTATION('',(#186),#190);
#186 = LINE('',#187,#188);
#187 = CARTESIAN_POINT('',(-4.712388980385,430.));
#188 = VECTOR('',#189,1.);
#189 = DIRECTION('',(1.,0.));
#190 = ( GEOMETRIC_REPRESENTATION_CONTEXT(2) 
PARAMETRIC_REPRESENTATION_CONTEXT() REPRESENTATION_CONTEXT('2D SPACE',''
  ) );
#191 = ORIENTED_EDGE('',*,*,#192,.T.);
#192 = EDGE_CURVE('',#169,#193,#195,.T.);
#193 = VERTEX_POINT('',#194);
#194 = CARTESIAN_POINT('',(159.,-232.5,430.));
#195 = SURFACE_CURVE('',#196,(#200,#207),.PCURVE_S1.);
#196 = LINE('',#197,#198);
#197 = CARTESIAN_POINT('',(-165.,-232.5,430.));
#198 = VECTOR('',#199,1.);
#199 = DIRECTION('',(1.,0.,0.));
#200 = PCURVE('',#70,#201);
#201 = DEFINITIONAL_REPRESENTATION('',(#202),#206);
#202 = LINE('',#203,#204);
#203 = CARTESIAN_POINT('',(0.,0.));
#204 = VECTOR('',#205,1.);
#205 = DIRECTION('',(1.,0.));
#206 = ( GEOMETRIC_REPRESENTATION_CONTEXT(2) 
PARAMETRIC_REPRESENTATION_CONTEXT() REPRESENTATION_CONTEXT('2D SPACE',''
  ) );
#207 = PCURVE('',#208,#213);
#208 = PLANE('',#209);
#209 = AXIS2_PLACEMENT_3D('',#210,#211,#212);
#210 = CARTESIAN_POINT('',(-165.,-232.5,0.));
#211 = DIRECTION('',(0.,1.,0.));
#212 = DIRECTION('',(0.,0.,1.));
#213 = DEFINITIONAL_REPRESENTATION('',(#214),#218);
#214 = LINE('',#215,#216);
#215 = CARTESIAN_POINT('',(430.,0.));
#216 = VECTOR('',#217,1.);
#217 = DIRECTION('',(0.,1.));
#218 = ( GEOMETRIC_REPRESENTATION_CONTEXT(2) 
PARAMETRIC_REPRESENTATION_CONTEXT() REPRESENTATION_CONTEXT('2D SPACE',''
  ) );
#219 = ORIENTED_EDGE('',*,*,#220,.F.);
#220 = EDGE_CURVE('',#221,#193,#223,.T.);
#221 = VERTEX_POINT('',#222);
#222 = CARTESIAN_POINT('',(165.,-226.5,430.));
#223 = SURFACE_CURVE('',#224,(#229,#240),.PCURVE_S1.);
#224 = CIRCLE('',#225,6.);
#225 = AXIS2_PLACEMENT_3D('',#226,#227,#228);
#226 = CARTESIAN_POINT('',(159.,-226.5,430.));
#227 = DIRECTION('',(-0.,-0.,-1.));
#228 = DIRECTION('',(0.,-1.,0.));
#229 = PCURVE('',#70,#230);
#230 = DEFINITIONAL_REPRESENTATION('',(#231),#239);
#231 = ( BOUNDED_CURVE() B_SPLINE_CURVE(2,(#232,#233,#234,#235,#236,#237
,#238),.UNSPECIFIED.,.T.,.F.) B_SPLINE_CURVE_WITH_KNOTS((1,2,2,2,2,1),(
    -2.094395102393,0.,2.094395102393,4.188790204786,6.28318530718,
8.377580409573),.UNSPECIFIED.) CURVE() GEOMETRIC_REPRESENTATION_ITEM() 
RATIONAL_B_SPLINE_CURVE((1.,0.5,1.,0.5,1.,0.5,1.)) REPRESENTATION_ITEM(
  '') );
#232 = CARTESIAN_POINT('',(324.,0.));
#233 = CARTESIAN_POINT('',(313.60769515458,0.));
#234 = CARTESIAN_POINT('',(318.80384757729,9.));
#235 = CARTESIAN_POINT('',(324.,18.));
#236 = CARTESIAN_POINT('',(329.1961524227,9.));
#237 = CARTESIAN_POINT('',(334.39230484541,8.881784197001E-15));
#238 = CARTESIAN_POINT('',(324.,0.));
#239 = ( GEOMETRIC_REPRESENTATION_CONTEXT(2) 
PARAMETRIC_REPRESENTATION_CONTEXT() REPRESENTATION_CONTEXT('2D SPACE',''
  ) );
#240 = PCURVE('',#241,#246);
#241 = CYLINDRICAL_SURFACE('',#242,6.);
#242 = AXIS2_PLACEMENT_3D('',#243,#244,#245);
#243 = CARTESIAN_POINT('',(159.,-226.5,0.));
#244 = DIRECTION('',(0.,0.,1.));
#245 = DIRECTION('',(1.,0.,-0.));
#246 = DEFINITIONAL_REPRESENTATION('',(#247),#251);
#247 = LINE('',#248,#249);
#248 = CARTESIAN_POINT('',(4.712388980385,430.));
#249 = VECTOR('',#250,1.);
#250 = DIRECTION('',(-1.,0.));
#251 = ( GEOMETRIC_REPRESENTATION_CONTEXT(2) 
PARAMETRIC_REPRESENTATION_CONTEXT() REPRESENTATION_CONTEXT('2D SPACE',''
  ) );
#252 = ORIENTED_EDGE('',*,*,#253,.T.);
#253 = EDGE_CURVE('',#221,#254,#256,.T.);
#254 = VERTEX_POINT('',#255);
#255 = CARTESIAN_POINT('',(165.,226.5,430.));
#256 = SURFACE_CURVE('',#257,(#261,#268),.PCURVE_S1.);
#257 = LINE('',#258,#259);
#258 = CARTESIAN_POINT('',(165.,-232.5,430.));
#259 = VECTOR('',#260,1.);
#260 = DIRECTION('',(0.,1.,0.));
#261 = PCURVE('',#70,#262);
#262 = DEFINITIONAL_REPRESENTATION('',(#263),#267);
#263 = LINE('',#264,#265);
#264 = CARTESIAN_POINT('',(330.,0.));
#265 = VECTOR('',#266,1.);
#266 = DIRECTION('',(0.,1.));
#267 = ( GEOMETRIC_REPRESENTATION_CONTEXT(2) 
PARAMETRIC_REPRESENTATION_CONTEXT() REPRESENTATION_CONTEXT('2D SPACE',''
  ) );
#268 = PCURVE('',#269,#274);
#269 = PLANE('',#270);
#270 = AXIS2_PLACEMENT_3D('',#271,#272,#273);
#271 = CARTESIAN_POINT('',(165.,-232.5,0.));
#272 = DIRECTION('',(1.,0.,0.));
#273 = DIRECTION('',(0.,0.,1.));
#274 = DEFINITIONAL_REPRESENTATION('',(#275),#279);
#275 = LINE('',#276,#277);
#276 = CARTESIAN_POINT('',(430.,0.));
#277 = VECTOR('',#278,1.);
#278 = DIRECTION('',(0.,-1.));
#279 = ( GEOMETRIC_REPRESENTATION_CONTEXT(2) 
PARAMETRIC_REPRESENTATION_CONTEXT() REPRESENTATION_CONTEXT('2D SPACE',''
  ) );
#280 = ORIENTED_EDGE('',*,*,#281,.T.);
#281 = EDGE_CURVE('',#254,#282,#284,.T.);
#282 = VERTEX_POINT('',#283);
#283 = CARTESIAN_POINT('',(159.,232.5,430.));
#284 = SURFACE_CURVE('',#285,(#290,#297),.PCURVE_S1.);
#285 = CIRCLE('',#286,6.);
#286 = AXIS2_PLACEMENT_3D('',#287,#288,#289);
#287 = CARTESIAN_POINT('',(159.,226.5,430.));
#288 = DIRECTION('',(0.,0.,1.));
#289 = DIRECTION('',(0.,-1.,0.));
#290 = PCURVE('',#70,#291);
#291 = DEFINITIONAL_REPRESENTATION('',(#292),#296);
#292 = CIRCLE('',#293,6.);
#293 = AXIS2_PLACEMENT_2D('',#294,#295);
#294 = CARTESIAN_POINT('',(324.,459.));
#295 = DIRECTION('',(0.,-1.));
#296 = ( GEOMETRIC_REPRESENTATION_CONTEXT(2) 
PARAMETRIC_REPRESENTATION_CONTEXT() REPRESENTATION_CONTEXT('2D SPACE',''
  ) );
#297 = PCURVE('',#298,#303);
#298 = CYLINDRICAL_SURFACE('',#299,6.);
#299 = AXIS2_PLACEMENT_3D('',#300,#301,#302);
#300 = CARTESIAN_POINT('',(159.,226.5,0.));
#301 = DIRECTION('',(0.,0.,1.));
#302 = DIRECTION('',(1.,0.,-0.));
#303 = DEFINITIONAL_REPRESENTATION('',(#304),#308);
#304 = LINE('',#305,#306);
#305 = CARTESIAN_POINT('',(-1.570796326795,430.));
#306 = VECTOR('',#307,1.);
#307 = DIRECTION('',(1.,0.));
#308 = ( GEOMETRIC_REPRESENTATION_CONTEXT(2) 
PARAMETRIC_REPRESENTATION_CONTEXT() REPRESENTATION_CONTEXT('2D SPACE',''
  ) );
#309 = ORIENTED_EDGE('',*,*,#310,.F.);
#310 = EDGE_CURVE('',#311,#282,#313,.T.);
#311 = VERTEX_POINT('',#312);
#312 = CARTESIAN_POINT('',(-159.,232.5,430.));
#313 = SURFACE_CURVE('',#314,(#318,#325),.PCURVE_S1.);
#314 = LINE('',#315,#316);
#315 = CARTESIAN_POINT('',(-165.,232.5,430.));
#316 = VECTOR('',#317,1.);
#317 = DIRECTION('',(1.,0.,0.));
#318 = PCURVE('',#70,#319);
#319 = DEFINITIONAL_REPRESENTATION('',(#320),#324);
#320 = LINE('',#321,#322);
#321 = CARTESIAN_POINT('',(0.,465.));
#322 = VECTOR('',#323,1.);
#323 = DIRECTION('',(1.,0.));
#324 = ( GEOMETRIC_REPRESENTATION_CONTEXT(2) 
PARAMETRIC_REPRESENTATION_CONTEXT() REPRESENTATION_CONTEXT('2D SPACE',''
  ) );
#325 = PCURVE('',#326,#331);
#326 = PLANE('',#327);
#327 = AXIS2_PLACEMENT_3D('',#328,#329,#330);
#328 = CARTESIAN_POINT('',(-165.,232.5,0.));
#329 = DIRECTION('',(0.,1.,0.));
#330 = DIRECTION('',(0.,0.,1.));
#331 = DEFINITIONAL_REPRESENTATION('',(#332),#336);
#332 = LINE('',#333,#334);
#333 = CARTESIAN_POINT('',(430.,0.));
#334 = VECTOR('',#335,1.);
#335 = DIRECTION('',(0.,1.));
#336 = ( GEOMETRIC_REPRESENTATION_CONTEXT(2) 
PARAMETRIC_REPRESENTATION_CONTEXT() REPRESENTATION_CONTEXT('2D SPACE',''
  ) );
#337 = ORIENTED_EDGE('',*,*,#338,.F.);
#338 = EDGE_CURVE('',#50,#311,#339,.T.);
#339 = SURFACE_CURVE('',#340,(#345,#356),.PCURVE_S1.);
#340 = CIRCLE('',#341,6.);
#341 = AXIS2_PLACEMENT_3D('',#342,#343,#344);
#342 = CARTESIAN_POINT('',(-159.,226.5,430.));
#343 = DIRECTION('',(-0.,-0.,-1.));
#344 = DIRECTION('',(0.,-1.,0.));
#345 = PCURVE('',#70,#346);
#346 = DEFINITIONAL_REPRESENTATION('',(#347),#355);
#347 = ( BOUNDED_CURVE() B_SPLINE_CURVE(2,(#348,#349,#350,#351,#352,#353
,#354),.UNSPECIFIED.,.T.,.F.) B_SPLINE_CURVE_WITH_KNOTS((1,2,2,2,2,1),(
    -2.094395102393,0.,2.094395102393,4.188790204786,6.28318530718,
8.377580409573),.UNSPECIFIED.) CURVE() GEOMETRIC_REPRESENTATION_ITEM() 
RATIONAL_B_SPLINE_CURVE((1.,0.5,1.,0.5,1.,0.5,1.)) REPRESENTATION_ITEM(
  '') );
#348 = CARTESIAN_POINT('',(6.,453.));
#349 = CARTESIAN_POINT('',(-4.392304845413,453.));
#350 = CARTESIAN_POINT('',(0.803847577293,462.));
#351 = CARTESIAN_POINT('',(6.,471.));
#352 = CARTESIAN_POINT('',(11.196152422707,462.));
#353 = CARTESIAN_POINT('',(16.392304845413,453.));
#354 = CARTESIAN_POINT('',(6.,453.));
#355 = ( GEOMETRIC_REPRESENTATION_CONTEXT(2) 
PARAMETRIC_REPRESENTATION_CONTEXT() REPRESENTATION_CONTEXT('2D SPACE',''
  ) );
#356 = PCURVE('',#152,#357);
#357 = DEFINITIONAL_REPRESENTATION('',(#358),#362);
#358 = LINE('',#359,#360);
#359 = CARTESIAN_POINT('',(1.570796326795,430.));
#360 = VECTOR('',#361,1.);
#361 = DIRECTION('',(-1.,0.));
#362 = ( GEOMETRIC_REPRESENTATION_CONTEXT(2) 
PARAMETRIC_REPRESENTATION_CONTEXT() REPRESENTATION_CONTEXT('2D SPACE',''
  ) );
#363 = ADVANCED_FACE('',(#364),#98,.T.);
#364 = FACE_BOUND('',#365,.T.);
#365 = EDGE_LOOP('',(#366,#390,#411,#412));
#366 = ORIENTED_EDGE('',*,*,#367,.T.);
#367 = EDGE_CURVE('',#83,#368,#370,.T.);
#368 = VERTEX_POINT('',#369);
#369 = CARTESIAN_POINT('',(-159.,-232.5,0.));
#370 = SURFACE_CURVE('',#371,(#376,#383),.PCURVE_S1.);
#371 = CIRCLE('',#372,6.);
#372 = AXIS2_PLACEMENT_3D('',#373,#374,#375);
#373 = CARTESIAN_POINT('',(-159.,-226.5,0.));
#374 = DIRECTION('',(0.,0.,1.));
#375 = DIRECTION('',(0.,-1.,0.));
#376 = PCURVE('',#98,#377);
#377 = DEFINITIONAL_REPRESENTATION('',(#378),#382);
#378 = LINE('',#379,#380);
#379 = CARTESIAN_POINT('',(-4.712388980385,0.));
#380 = VECTOR('',#381,1.);
#381 = DIRECTION('',(1.,0.));
#382 = ( GEOMETRIC_REPRESENTATION_CONTEXT(2) 
PARAMETRIC_REPRESENTATION_CONTEXT() REPRESENTATION_CONTEXT('2D SPACE',''
  ) );
#383 = PCURVE('',#126,#384);
#384 = DEFINITIONAL_REPRESENTATION('',(#385),#389);
#385 = CIRCLE('',#386,6.);
#386 = AXIS2_PLACEMENT_2D('',#387,#388);
#387 = CARTESIAN_POINT('',(6.,6.));
#388 = DIRECTION('',(0.,-1.));
#389 = ( GEOMETRIC_REPRESENTATION_CONTEXT(2) 
PARAMETRIC_REPRESENTATION_CONTEXT() REPRESENTATION_CONTEXT('2D SPACE',''
  ) );
#390 = ORIENTED_EDGE('',*,*,#391,.T.);
#391 = EDGE_CURVE('',#368,#169,#392,.T.);
#392 = SURFACE_CURVE('',#393,(#397,#404),.PCURVE_S1.);
#393 = LINE('',#394,#395);
#394 = CARTESIAN_POINT('',(-159.,-232.5,0.));
#395 = VECTOR('',#396,1.);
#396 = DIRECTION('',(0.,0.,1.));
#397 = PCURVE('',#98,#398);
#398 = DEFINITIONAL_REPRESENTATION('',(#399),#403);
#399 = LINE('',#400,#401);
#400 = CARTESIAN_POINT('',(1.570796326795,0.));
#401 = VECTOR('',#402,1.);
#402 = DIRECTION('',(0.,1.));
#403 = ( GEOMETRIC_REPRESENTATION_CONTEXT(2) 
PARAMETRIC_REPRESENTATION_CONTEXT() REPRESENTATION_CONTEXT('2D SPACE',''
  ) );
#404 = PCURVE('',#208,#405);
#405 = DEFINITIONAL_REPRESENTATION('',(#406),#410);
#406 = LINE('',#407,#408);
#407 = CARTESIAN_POINT('',(0.,6.));
#408 = VECTOR('',#409,1.);
#409 = DIRECTION('',(1.,0.));
#410 = ( GEOMETRIC_REPRESENTATION_CONTEXT(2) 
PARAMETRIC_REPRESENTATION_CONTEXT() REPRESENTATION_CONTEXT('2D SPACE',''
  ) );
#411 = ORIENTED_EDGE('',*,*,#168,.F.);
#412 = ORIENTED_EDGE('',*,*,#82,.F.);
#413 = ADVANCED_FACE('',(#414),#152,.T.);
#414 = FACE_BOUND('',#415,.F.);
#415 = EDGE_LOOP('',(#416,#444,#465,#466));
#416 = ORIENTED_EDGE('',*,*,#417,.T.);
#417 = EDGE_CURVE('',#111,#418,#420,.T.);
#418 = VERTEX_POINT('',#419);
#419 = CARTESIAN_POINT('',(-159.,232.5,0.));
#420 = SURFACE_CURVE('',#421,(#426,#433),.PCURVE_S1.);
#421 = CIRCLE('',#422,6.);
#422 = AXIS2_PLACEMENT_3D('',#423,#424,#425);
#423 = CARTESIAN_POINT('',(-159.,226.5,0.));
#424 = DIRECTION('',(-0.,-0.,-1.));
#425 = DIRECTION('',(0.,-1.,0.));
#426 = PCURVE('',#152,#427);
#427 = DEFINITIONAL_REPRESENTATION('',(#428),#432);
#428 = LINE('',#429,#430);
#429 = CARTESIAN_POINT('',(1.570796326795,-0.));
#430 = VECTOR('',#431,1.);
#431 = DIRECTION('',(-1.,0.));
#432 = ( GEOMETRIC_REPRESENTATION_CONTEXT(2) 
PARAMETRIC_REPRESENTATION_CONTEXT() REPRESENTATION_CONTEXT('2D SPACE',''
  ) );
#433 = PCURVE('',#126,#434);
#434 = DEFINITIONAL_REPRESENTATION('',(#435),#443);
#435 = ( BOUNDED_CURVE() B_SPLINE_CURVE(2,(#436,#437,#438,#439,#440,#441
,#442),.UNSPECIFIED.,.T.,.F.) B_SPLINE_CURVE_WITH_KNOTS((1,2,2,2,2,1),(
    -2.094395102393,0.,2.094395102393,4.188790204786,6.28318530718,
8.377580409573),.UNSPECIFIED.) CURVE() GEOMETRIC_REPRESENTATION_ITEM() 
RATIONAL_B_SPLINE_CURVE((1.,0.5,1.,0.5,1.,0.5,1.)) REPRESENTATION_ITEM(
  '') );
#436 = CARTESIAN_POINT('',(6.,453.));
#437 = CARTESIAN_POINT('',(-4.392304845413,453.));
#438 = CARTESIAN_POINT('',(0.803847577293,462.));
#439 = CARTESIAN_POINT('',(6.,471.));
#440 = CARTESIAN_POINT('',(11.196152422707,462.));
#441 = CARTESIAN_POINT('',(16.392304845413,453.));
#442 = CARTESIAN_POINT('',(6.,453.));
#443 = ( GEOMETRIC_REPRESENTATION_CONTEXT(2) 
PARAMETRIC_REPRESENTATION_CONTEXT() REPRESENTATION_CONTEXT('2D SPACE',''
  ) );
#444 = ORIENTED_EDGE('',*,*,#445,.T.);
#445 = EDGE_CURVE('',#418,#311,#446,.T.);
#446 = SURFACE_CURVE('',#447,(#451,#458),.PCURVE_S1.);
#447 = LINE('',#448,#449);
#448 = CARTESIAN_POINT('',(-159.,232.5,0.));
#449 = VECTOR('',#450,1.);
#450 = DIRECTION('',(0.,0.,1.));
#451 = PCURVE('',#152,#452);
#452 = DEFINITIONAL_REPRESENTATION('',(#453),#457);
#453 = LINE('',#454,#455);
#454 = CARTESIAN_POINT('',(-1.570796326795,0.));
#455 = VECTOR('',#456,1.);
#456 = DIRECTION('',(-0.,1.));
#457 = ( GEOMETRIC_REPRESENTATION_CONTEXT(2) 
PARAMETRIC_REPRESENTATION_CONTEXT() REPRESENTATION_CONTEXT('2D SPACE',''
  ) );
#458 = PCURVE('',#326,#459);
#459 = DEFINITIONAL_REPRESENTATION('',(#460),#464);
#460 = LINE('',#461,#462);
#461 = CARTESIAN_POINT('',(0.,6.));
#462 = VECTOR('',#463,1.);
#463 = DIRECTION('',(1.,0.));
#464 = ( GEOMETRIC_REPRESENTATION_CONTEXT(2) 
PARAMETRIC_REPRESENTATION_CONTEXT() REPRESENTATION_CONTEXT('2D SPACE',''
  ) );
#465 = ORIENTED_EDGE('',*,*,#338,.F.);
#466 = ORIENTED_EDGE('',*,*,#138,.F.);
#467 = ADVANCED_FACE('',(#468),#126,.F.);
#468 = FACE_BOUND('',#469,.F.);
#469 = EDGE_LOOP('',(#470,#471,#472,#495,#523,#546,#570,#591));
#470 = ORIENTED_EDGE('',*,*,#110,.F.);
#471 = ORIENTED_EDGE('',*,*,#367,.T.);
#472 = ORIENTED_EDGE('',*,*,#473,.T.);
#473 = EDGE_CURVE('',#368,#474,#476,.T.);
#474 = VERTEX_POINT('',#475);
#475 = CARTESIAN_POINT('',(159.,-232.5,0.));
#476 = SURFACE_CURVE('',#477,(#481,#488),.PCURVE_S1.);
#477 = LINE('',#478,#479);
#478 = CARTESIAN_POINT('',(-165.,-232.5,0.));
#479 = VECTOR('',#480,1.);
#480 = DIRECTION('',(1.,0.,0.));
#481 = PCURVE('',#126,#482);
#482 = DEFINITIONAL_REPRESENTATION('',(#483),#487);
#483 = LINE('',#484,#485);
#484 = CARTESIAN_POINT('',(0.,0.));
#485 = VECTOR('',#486,1.);
#486 = DIRECTION('',(1.,0.));
#487 = ( GEOMETRIC_REPRESENTATION_CONTEXT(2) 
PARAMETRIC_REPRESENTATION_CONTEXT() REPRESENTATION_CONTEXT('2D SPACE',''
  ) );
#488 = PCURVE('',#208,#489);
#489 = DEFINITIONAL_REPRESENTATION('',(#490),#494);
#490 = LINE('',#491,#492);
#491 = CARTESIAN_POINT('',(0.,0.));
#492 = VECTOR('',#493,1.);
#493 = DIRECTION('',(0.,1.));
#494 = ( GEOMETRIC_REPRESENTATION_CONTEXT(2) 
PARAMETRIC_REPRESENTATION_CONTEXT() REPRESENTATION_CONTEXT('2D SPACE',''
  ) );
#495 = ORIENTED_EDGE('',*,*,#496,.F.);
#496 = EDGE_CURVE('',#497,#474,#499,.T.);
#497 = VERTEX_POINT('',#498);
#498 = CARTESIAN_POINT('',(165.,-226.5,0.));
#499 = SURFACE_CURVE('',#500,(#505,#516),.PCURVE_S1.);
#500 = CIRCLE('',#501,6.);
#501 = AXIS2_PLACEMENT_3D('',#502,#503,#504);
#502 = CARTESIAN_POINT('',(159.,-226.5,0.));
#503 = DIRECTION('',(-0.,-0.,-1.));
#504 = DIRECTION('',(0.,-1.,0.));
#505 = PCURVE('',#126,#506);
#506 = DEFINITIONAL_REPRESENTATION('',(#507),#515);
#507 = ( BOUNDED_CURVE() B_SPLINE_CURVE(2,(#508,#509,#510,#511,#512,#513
,#514),.UNSPECIFIED.,.T.,.F.) B_SPLINE_CURVE_WITH_KNOTS((1,2,2,2,2,1),(
    -2.094395102393,0.,2.094395102393,4.188790204786,6.28318530718,
8.377580409573),.UNSPECIFIED.) CURVE() GEOMETRIC_REPRESENTATION_ITEM() 
RATIONAL_B_SPLINE_CURVE((1.,0.5,1.,0.5,1.,0.5,1.)) REPRESENTATION_ITEM(
  '') );
#508 = CARTESIAN_POINT('',(324.,0.));
#509 = CARTESIAN_POINT('',(313.60769515458,0.));
#510 = CARTESIAN_POINT('',(318.80384757729,9.));
#511 = CARTESIAN_POINT('',(324.,18.));
#512 = CARTESIAN_POINT('',(329.1961524227,9.));
#513 = CARTESIAN_POINT('',(334.39230484541,8.881784197001E-15));
#514 = CARTESIAN_POINT('',(324.,0.));
#515 = ( GEOMETRIC_REPRESENTATION_CONTEXT(2) 
PARAMETRIC_REPRESENTATION_CONTEXT() REPRESENTATION_CONTEXT('2D SPACE',''
  ) );
#516 = PCURVE('',#241,#517);
#517 = DEFINITIONAL_REPRESENTATION('',(#518),#522);
#518 = LINE('',#519,#520);
#519 = CARTESIAN_POINT('',(4.712388980385,-0.));
#520 = VECTOR('',#521,1.);
#521 = DIRECTION('',(-1.,0.));
#522 = ( GEOMETRIC_REPRESENTATION_CONTEXT(2) 
PARAMETRIC_REPRESENTATION_CONTEXT() REPRESENTATION_CONTEXT('2D SPACE',''
  ) );
#523 = ORIENTED_EDGE('',*,*,#524,.T.);
#524 = EDGE_CURVE('',#497,#525,#527,.T.);
#525 = VERTEX_POINT('',#526);
#526 = CARTESIAN_POINT('',(165.,226.5,0.));
#527 = SURFACE_CURVE('',#528,(#532,#539),.PCURVE_S1.);
#528 = LINE('',#529,#530);
#529 = CARTESIAN_POINT('',(165.,-232.5,0.));
#530 = VECTOR('',#531,1.);
#531 = DIRECTION('',(0.,1.,0.));
#532 = PCURVE('',#126,#533);
#533 = DEFINITIONAL_REPRESENTATION('',(#534),#538);
#534 = LINE('',#535,#536);
#535 = CARTESIAN_POINT('',(330.,0.));
#536 = VECTOR('',#537,1.);
#537 = DIRECTION('',(0.,1.));
#538 = ( GEOMETRIC_REPRESENTATION_CONTEXT(2) 
PARAMETRIC_REPRESENTATION_CONTEXT() REPRESENTATION_CONTEXT('2D SPACE',''
  ) );
#539 = PCURVE('',#269,#540);
#540 = DEFINITIONAL_REPRESENTATION('',(#541),#545);
#541 = LINE('',#542,#543);
#542 = CARTESIAN_POINT('',(0.,0.));
#543 = VECTOR('',#544,1.);
#544 = DIRECTION('',(0.,-1.));
#545 = ( GEOMETRIC_REPRESENTATION_CONTEXT(2) 
PARAMETRIC_REPRESENTATION_CONTEXT() REPRESENTATION_CONTEXT('2D SPACE',''
  ) );
#546 = ORIENTED_EDGE('',*,*,#547,.T.);
#547 = EDGE_CURVE('',#525,#548,#550,.T.);
#548 = VERTEX_POINT('',#549);
#549 = CARTESIAN_POINT('',(159.,232.5,0.));
#550 = SURFACE_CURVE('',#551,(#556,#563),.PCURVE_S1.);
#551 = CIRCLE('',#552,6.);
#552 = AXIS2_PLACEMENT_3D('',#553,#554,#555);
#553 = CARTESIAN_POINT('',(159.,226.5,0.));
#554 = DIRECTION('',(0.,0.,1.));
#555 = DIRECTION('',(0.,-1.,0.));
#556 = PCURVE('',#126,#557);
#557 = DEFINITIONAL_REPRESENTATION('',(#558),#562);
#558 = CIRCLE('',#559,6.);
#559 = AXIS2_PLACEMENT_2D('',#560,#561);
#560 = CARTESIAN_POINT('',(324.,459.));
#561 = DIRECTION('',(0.,-1.));
#562 = ( GEOMETRIC_REPRESENTATION_CONTEXT(2) 
PARAMETRIC_REPRESENTATION_CONTEXT() REPRESENTATION_CONTEXT('2D SPACE',''
  ) );
#563 = PCURVE('',#298,#564);
#564 = DEFINITIONAL_REPRESENTATION('',(#565),#569);
#565 = LINE('',#566,#567);
#566 = CARTESIAN_POINT('',(-1.570796326795,0.));
#567 = VECTOR('',#568,1.);
#568 = DIRECTION('',(1.,0.));
#569 = ( GEOMETRIC_REPRESENTATION_CONTEXT(2) 
PARAMETRIC_REPRESENTATION_CONTEXT() REPRESENTATION_CONTEXT('2D SPACE',''
  ) );
#570 = ORIENTED_EDGE('',*,*,#571,.F.);
#571 = EDGE_CURVE('',#418,#548,#572,.T.);
#572 = SURFACE_CURVE('',#573,(#577,#584),.PCURVE_S1.);
#573 = LINE('',#574,#575);
#574 = CARTESIAN_POINT('',(-165.,232.5,0.));
#575 = VECTOR('',#576,1.);
#576 = DIRECTION('',(1.,0.,0.));
#577 = PCURVE('',#126,#578);
#578 = DEFINITIONAL_REPRESENTATION('',(#579),#583);
#579 = LINE('',#580,#581);
#580 = CARTESIAN_POINT('',(0.,465.));
#581 = VECTOR('',#582,1.);
#582 = DIRECTION('',(1.,0.));
#583 = ( GEOMETRIC_REPRESENTATION_CONTEXT(2) 
PARAMETRIC_REPRESENTATION_CONTEXT() REPRESENTATION_CONTEXT('2D SPACE',''
  ) );
#584 = PCURVE('',#326,#585);
#585 = DEFINITIONAL_REPRESENTATION('',(#586),#590);
#586 = LINE('',#587,#588);
#587 = CARTESIAN_POINT('',(0.,0.));
#588 = VECTOR('',#589,1.);
#589 = DIRECTION('',(0.,1.));
#590 = ( GEOMETRIC_REPRESENTATION_CONTEXT(2) 
PARAMETRIC_REPRESENTATION_CONTEXT() REPRESENTATION_CONTEXT('2D SPACE',''
  ) );
#591 = ORIENTED_EDGE('',*,*,#417,.F.);
#592 = ADVANCED_FACE('',(#593),#208,.F.);
#593 = FACE_BOUND('',#594,.F.);
#594 = EDGE_LOOP('',(#595,#596,#597,#598));
#595 = ORIENTED_EDGE('',*,*,#473,.F.);
#596 = ORIENTED_EDGE('',*,*,#391,.T.);
#597 = ORIENTED_EDGE('',*,*,#192,.T.);
#598 = ORIENTED_EDGE('',*,*,#599,.F.);
#599 = EDGE_CURVE('',#474,#193,#600,.T.);
#600 = SURFACE_CURVE('',#601,(#605,#612),.PCURVE_S1.);
#601 = LINE('',#602,#603);
#602 = CARTESIAN_POINT('',(159.,-232.5,0.));
#603 = VECTOR('',#604,1.);
#604 = DIRECTION('',(0.,0.,1.));
#605 = PCURVE('',#208,#606);
#606 = DEFINITIONAL_REPRESENTATION('',(#607),#611);
#607 = LINE('',#608,#609);
#608 = CARTESIAN_POINT('',(0.,324.));
#609 = VECTOR('',#610,1.);
#610 = DIRECTION('',(1.,0.));
#611 = ( GEOMETRIC_REPRESENTATION_CONTEXT(2) 
PARAMETRIC_REPRESENTATION_CONTEXT() REPRESENTATION_CONTEXT('2D SPACE',''
  ) );
#612 = PCURVE('',#241,#613);
#613 = DEFINITIONAL_REPRESENTATION('',(#614),#618);
#614 = LINE('',#615,#616);
#615 = CARTESIAN_POINT('',(-1.570796326795,0.));
#616 = VECTOR('',#617,1.);
#617 = DIRECTION('',(-0.,1.));
#618 = ( GEOMETRIC_REPRESENTATION_CONTEXT(2) 
PARAMETRIC_REPRESENTATION_CONTEXT() REPRESENTATION_CONTEXT('2D SPACE',''
  ) );
#619 = ADVANCED_FACE('',(#620,#646),#326,.T.);
#620 = FACE_BOUND('',#621,.T.);
#621 = EDGE_LOOP('',(#622,#623,#624,#625));
#622 = ORIENTED_EDGE('',*,*,#571,.F.);
#623 = ORIENTED_EDGE('',*,*,#445,.T.);
#624 = ORIENTED_EDGE('',*,*,#310,.T.);
#625 = ORIENTED_EDGE('',*,*,#626,.F.);
#626 = EDGE_CURVE('',#548,#282,#627,.T.);
#627 = SURFACE_CURVE('',#628,(#632,#639),.PCURVE_S1.);
#628 = LINE('',#629,#630);
#629 = CARTESIAN_POINT('',(159.,232.5,0.));
#630 = VECTOR('',#631,1.);
#631 = DIRECTION('',(0.,0.,1.));
#632 = PCURVE('',#326,#633);
#633 = DEFINITIONAL_REPRESENTATION('',(#634),#638);
#634 = LINE('',#635,#636);
#635 = CARTESIAN_POINT('',(0.,324.));
#636 = VECTOR('',#637,1.);
#637 = DIRECTION('',(1.,0.));
#638 = ( GEOMETRIC_REPRESENTATION_CONTEXT(2) 
PARAMETRIC_REPRESENTATION_CONTEXT() REPRESENTATION_CONTEXT('2D SPACE',''
  ) );
#639 = PCURVE('',#298,#640);
#640 = DEFINITIONAL_REPRESENTATION('',(#641),#645);
#641 = LINE('',#642,#643);
#642 = CARTESIAN_POINT('',(1.570796326795,0.));
#643 = VECTOR('',#644,1.);
#644 = DIRECTION('',(0.,1.));
#645 = ( GEOMETRIC_REPRESENTATION_CONTEXT(2) 
PARAMETRIC_REPRESENTATION_CONTEXT() REPRESENTATION_CONTEXT('2D SPACE',''
  ) );
#646 = FACE_BOUND('',#647,.T.);
#647 = EDGE_LOOP('',(#648,#676,#702,#728));
#648 = ORIENTED_EDGE('',*,*,#649,.F.);
#649 = EDGE_CURVE('',#650,#652,#654,.T.);
#650 = VERTEX_POINT('',#651);
#651 = CARTESIAN_POINT('',(-150.,232.5,415.));
#652 = VERTEX_POINT('',#653);
#653 = CARTESIAN_POINT('',(150.,232.5,415.));
#654 = SURFACE_CURVE('',#655,(#659,#665),.PCURVE_S1.);
#655 = LINE('',#656,#657);
#656 = CARTESIAN_POINT('',(-157.5,232.5,415.));
#657 = VECTOR('',#658,1.);
#658 = DIRECTION('',(1.,0.,0.));
#659 = PCURVE('',#326,#660);
#660 = DEFINITIONAL_REPRESENTATION('',(#661),#664);
#661 = B_SPLINE_CURVE_WITH_KNOTS('',1,(#662,#663),.UNSPECIFIED.,.F.,.F.,
  (2,2),(7.5,307.5),.PIECEWISE_BEZIER_KNOTS.);
#662 = CARTESIAN_POINT('',(415.,15.));
#663 = CARTESIAN_POINT('',(415.,315.));
#664 = ( GEOMETRIC_REPRESENTATION_CONTEXT(2) 
PARAMETRIC_REPRESENTATION_CONTEXT() REPRESENTATION_CONTEXT('2D SPACE',''
  ) );
#665 = PCURVE('',#666,#671);
#666 = PLANE('',#667);
#667 = AXIS2_PLACEMENT_3D('',#668,#669,#670);
#668 = CARTESIAN_POINT('',(-150.,-217.5,415.));
#669 = DIRECTION('',(0.,0.,1.));
#670 = DIRECTION('',(1.,0.,0.));
#671 = DEFINITIONAL_REPRESENTATION('',(#672),#675);
#672 = B_SPLINE_CURVE_WITH_KNOTS('',1,(#673,#674),.UNSPECIFIED.,.F.,.F.,
  (2,2),(7.5,307.5),.PIECEWISE_BEZIER_KNOTS.);
#673 = CARTESIAN_POINT('',(0.,450.));
#674 = CARTESIAN_POINT('',(300.,450.));
#675 = ( GEOMETRIC_REPRESENTATION_CONTEXT(2) 
PARAMETRIC_REPRESENTATION_CONTEXT() REPRESENTATION_CONTEXT('2D SPACE',''
  ) );
#676 = ORIENTED_EDGE('',*,*,#677,.T.);
#677 = EDGE_CURVE('',#650,#678,#680,.T.);
#678 = VERTEX_POINT('',#679);
#679 = CARTESIAN_POINT('',(-150.,232.5,15.));
#680 = SURFACE_CURVE('',#681,(#685,#691),.PCURVE_S1.);
#681 = LINE('',#682,#683);
#682 = CARTESIAN_POINT('',(-150.,232.5,7.5));
#683 = VECTOR('',#684,1.);
#684 = DIRECTION('',(0.,0.,-1.));
#685 = PCURVE('',#326,#686);
#686 = DEFINITIONAL_REPRESENTATION('',(#687),#690);
#687 = B_SPLINE_CURVE_WITH_KNOTS('',1,(#688,#689),.UNSPECIFIED.,.F.,.F.,
  (2,2),(-407.5,-7.5),.PIECEWISE_BEZIER_KNOTS.);
#688 = CARTESIAN_POINT('',(415.,15.));
#689 = CARTESIAN_POINT('',(15.,15.));
#690 = ( GEOMETRIC_REPRESENTATION_CONTEXT(2) 
PARAMETRIC_REPRESENTATION_CONTEXT() REPRESENTATION_CONTEXT('2D SPACE',''
  ) );
#691 = PCURVE('',#692,#697);
#692 = PLANE('',#693);
#693 = AXIS2_PLACEMENT_3D('',#694,#695,#696);
#694 = CARTESIAN_POINT('',(-150.,-217.5,15.));
#695 = DIRECTION('',(1.,0.,0.));
#696 = DIRECTION('',(0.,0.,1.));
#697 = DEFINITIONAL_REPRESENTATION('',(#698),#701);
#698 = B_SPLINE_CURVE_WITH_KNOTS('',1,(#699,#700),.UNSPECIFIED.,.F.,.F.,
  (2,2),(-407.5,-7.5),.PIECEWISE_BEZIER_KNOTS.);
#699 = CARTESIAN_POINT('',(400.,-450.));
#700 = CARTESIAN_POINT('',(0.,-450.));
#701 = ( GEOMETRIC_REPRESENTATION_CONTEXT(2) 
PARAMETRIC_REPRESENTATION_CONTEXT() REPRESENTATION_CONTEXT('2D SPACE',''
  ) );
#702 = ORIENTED_EDGE('',*,*,#703,.T.);
#703 = EDGE_CURVE('',#678,#704,#706,.T.);
#704 = VERTEX_POINT('',#705);
#705 = CARTESIAN_POINT('',(150.,232.5,15.));
#706 = SURFACE_CURVE('',#707,(#711,#717),.PCURVE_S1.);
#707 = LINE('',#708,#709);
#708 = CARTESIAN_POINT('',(-157.5,232.5,15.));
#709 = VECTOR('',#710,1.);
#710 = DIRECTION('',(1.,0.,0.));
#711 = PCURVE('',#326,#712);
#712 = DEFINITIONAL_REPRESENTATION('',(#713),#716);
#713 = B_SPLINE_CURVE_WITH_KNOTS('',1,(#714,#715),.UNSPECIFIED.,.F.,.F.,
  (2,2),(7.5,307.5),.PIECEWISE_BEZIER_KNOTS.);
#714 = CARTESIAN_POINT('',(15.,15.));
#715 = CARTESIAN_POINT('',(15.,315.));
#716 = ( GEOMETRIC_REPRESENTATION_CONTEXT(2) 
PARAMETRIC_REPRESENTATION_CONTEXT() REPRESENTATION_CONTEXT('2D SPACE',''
  ) );
#717 = PCURVE('',#718,#723);
#718 = PLANE('',#719);
#719 = AXIS2_PLACEMENT_3D('',#720,#721,#722);
#720 = CARTESIAN_POINT('',(-150.,-217.5,15.));
#721 = DIRECTION('',(0.,0.,1.));
#722 = DIRECTION('',(1.,0.,0.));
#723 = DEFINITIONAL_REPRESENTATION('',(#724),#727);
#724 = B_SPLINE_CURVE_WITH_KNOTS('',1,(#725,#726),.UNSPECIFIED.,.F.,.F.,
  (2,2),(7.5,307.5),.PIECEWISE_BEZIER_KNOTS.);
#725 = CARTESIAN_POINT('',(0.,450.));
#726 = CARTESIAN_POINT('',(300.,450.));
#727 = ( GEOMETRIC_REPRESENTATION_CONTEXT(2) 
PARAMETRIC_REPRESENTATION_CONTEXT() REPRESENTATION_CONTEXT('2D SPACE',''
  ) );
#728 = ORIENTED_EDGE('',*,*,#729,.F.);
#729 = EDGE_CURVE('',#652,#704,#730,.T.);
#730 = SURFACE_CURVE('',#731,(#735,#741),.PCURVE_S1.);
#731 = LINE('',#732,#733);
#732 = CARTESIAN_POINT('',(150.,232.5,7.5));
#733 = VECTOR('',#734,1.);
#734 = DIRECTION('',(0.,0.,-1.));
#735 = PCURVE('',#326,#736);
#736 = DEFINITIONAL_REPRESENTATION('',(#737),#740);
#737 = B_SPLINE_CURVE_WITH_KNOTS('',1,(#738,#739),.UNSPECIFIED.,.F.,.F.,
  (2,2),(-407.5,-7.5),.PIECEWISE_BEZIER_KNOTS.);
#738 = CARTESIAN_POINT('',(415.,315.));
#739 = CARTESIAN_POINT('',(15.,315.));
#740 = ( GEOMETRIC_REPRESENTATION_CONTEXT(2) 
PARAMETRIC_REPRESENTATION_CONTEXT() REPRESENTATION_CONTEXT('2D SPACE',''
  ) );
#741 = PCURVE('',#742,#747);
#742 = PLANE('',#743);
#743 = AXIS2_PLACEMENT_3D('',#744,#745,#746);
#744 = CARTESIAN_POINT('',(150.,-217.5,15.));
#745 = DIRECTION('',(1.,0.,0.));
#746 = DIRECTION('',(0.,0.,1.));
#747 = DEFINITIONAL_REPRESENTATION('',(#748),#751);
#748 = B_SPLINE_CURVE_WITH_KNOTS('',1,(#749,#750),.UNSPECIFIED.,.F.,.F.,
  (2,2),(-407.5,-7.5),.PIECEWISE_BEZIER_KNOTS.);
#749 = CARTESIAN_POINT('',(400.,-450.));
#750 = CARTESIAN_POINT('',(0.,-450.));
#751 = ( GEOMETRIC_REPRESENTATION_CONTEXT(2) 
PARAMETRIC_REPRESENTATION_CONTEXT() REPRESENTATION_CONTEXT('2D SPACE',''
  ) );
#752 = ADVANCED_FACE('',(#753),#241,.T.);
#753 = FACE_BOUND('',#754,.F.);
#754 = EDGE_LOOP('',(#755,#756,#757,#758));
#755 = ORIENTED_EDGE('',*,*,#496,.T.);
#756 = ORIENTED_EDGE('',*,*,#599,.T.);
#757 = ORIENTED_EDGE('',*,*,#220,.F.);
#758 = ORIENTED_EDGE('',*,*,#759,.F.);
#759 = EDGE_CURVE('',#497,#221,#760,.T.);
#760 = SURFACE_CURVE('',#761,(#765,#772),.PCURVE_S1.);
#761 = LINE('',#762,#763);
#762 = CARTESIAN_POINT('',(165.,-226.5,0.));
#763 = VECTOR('',#764,1.);
#764 = DIRECTION('',(0.,0.,1.));
#765 = PCURVE('',#241,#766);
#766 = DEFINITIONAL_REPRESENTATION('',(#767),#771);
#767 = LINE('',#768,#769);
#768 = CARTESIAN_POINT('',(-0.,0.));
#769 = VECTOR('',#770,1.);
#770 = DIRECTION('',(-0.,1.));
#771 = ( GEOMETRIC_REPRESENTATION_CONTEXT(2) 
PARAMETRIC_REPRESENTATION_CONTEXT() REPRESENTATION_CONTEXT('2D SPACE',''
  ) );
#772 = PCURVE('',#269,#773);
#773 = DEFINITIONAL_REPRESENTATION('',(#774),#778);
#774 = LINE('',#775,#776);
#775 = CARTESIAN_POINT('',(0.,-6.));
#776 = VECTOR('',#777,1.);
#777 = DIRECTION('',(1.,0.));
#778 = ( GEOMETRIC_REPRESENTATION_CONTEXT(2) 
PARAMETRIC_REPRESENTATION_CONTEXT() REPRESENTATION_CONTEXT('2D SPACE',''
  ) );
#779 = ADVANCED_FACE('',(#780),#298,.T.);
#780 = FACE_BOUND('',#781,.T.);
#781 = EDGE_LOOP('',(#782,#783,#784,#785));
#782 = ORIENTED_EDGE('',*,*,#547,.T.);
#783 = ORIENTED_EDGE('',*,*,#626,.T.);
#784 = ORIENTED_EDGE('',*,*,#281,.F.);
#785 = ORIENTED_EDGE('',*,*,#786,.F.);
#786 = EDGE_CURVE('',#525,#254,#787,.T.);
#787 = SURFACE_CURVE('',#788,(#792,#799),.PCURVE_S1.);
#788 = LINE('',#789,#790);
#789 = CARTESIAN_POINT('',(165.,226.5,0.));
#790 = VECTOR('',#791,1.);
#791 = DIRECTION('',(0.,0.,1.));
#792 = PCURVE('',#298,#793);
#793 = DEFINITIONAL_REPRESENTATION('',(#794),#798);
#794 = LINE('',#795,#796);
#795 = CARTESIAN_POINT('',(0.,0.));
#796 = VECTOR('',#797,1.);
#797 = DIRECTION('',(0.,1.));
#798 = ( GEOMETRIC_REPRESENTATION_CONTEXT(2) 
PARAMETRIC_REPRESENTATION_CONTEXT() REPRESENTATION_CONTEXT('2D SPACE',''
  ) );
#799 = PCURVE('',#269,#800);
#800 = DEFINITIONAL_REPRESENTATION('',(#801),#805);
#801 = LINE('',#802,#803);
#802 = CARTESIAN_POINT('',(0.,-459.));
#803 = VECTOR('',#804,1.);
#804 = DIRECTION('',(1.,0.));
#805 = ( GEOMETRIC_REPRESENTATION_CONTEXT(2) 
PARAMETRIC_REPRESENTATION_CONTEXT() REPRESENTATION_CONTEXT('2D SPACE',''
  ) );
#806 = ADVANCED_FACE('',(#807),#269,.T.);
#807 = FACE_BOUND('',#808,.T.);
#808 = EDGE_LOOP('',(#809,#810,#811,#812));
#809 = ORIENTED_EDGE('',*,*,#253,.F.);
#810 = ORIENTED_EDGE('',*,*,#759,.F.);
#811 = ORIENTED_EDGE('',*,*,#524,.T.);
#812 = ORIENTED_EDGE('',*,*,#786,.T.);
#813 = ADVANCED_FACE('',(#814),#666,.F.);
#814 = FACE_BOUND('',#815,.F.);
#815 = EDGE_LOOP('',(#816,#839,#867,#888));
#816 = ORIENTED_EDGE('',*,*,#817,.F.);
#817 = EDGE_CURVE('',#818,#650,#820,.T.);
#818 = VERTEX_POINT('',#819);
#819 = CARTESIAN_POINT('',(-150.,-217.5,415.));
#820 = SURFACE_CURVE('',#821,(#825,#832),.PCURVE_S1.);
#821 = LINE('',#822,#823);
#822 = CARTESIAN_POINT('',(-150.,-217.5,415.));
#823 = VECTOR('',#824,1.);
#824 = DIRECTION('',(0.,1.,0.));
#825 = PCURVE('',#666,#826);
#826 = DEFINITIONAL_REPRESENTATION('',(#827),#831);
#827 = LINE('',#828,#829);
#828 = CARTESIAN_POINT('',(0.,0.));
#829 = VECTOR('',#830,1.);
#830 = DIRECTION('',(0.,1.));
#831 = ( GEOMETRIC_REPRESENTATION_CONTEXT(2) 
PARAMETRIC_REPRESENTATION_CONTEXT() REPRESENTATION_CONTEXT('2D SPACE',''
  ) );
#832 = PCURVE('',#692,#833);
#833 = DEFINITIONAL_REPRESENTATION('',(#834),#838);
#834 = LINE('',#835,#836);
#835 = CARTESIAN_POINT('',(400.,0.));
#836 = VECTOR('',#837,1.);
#837 = DIRECTION('',(0.,-1.));
#838 = ( GEOMETRIC_REPRESENTATION_CONTEXT(2) 
PARAMETRIC_REPRESENTATION_CONTEXT() REPRESENTATION_CONTEXT('2D SPACE',''
  ) );
#839 = ORIENTED_EDGE('',*,*,#840,.T.);
#840 = EDGE_CURVE('',#818,#841,#843,.T.);
#841 = VERTEX_POINT('',#842);
#842 = CARTESIAN_POINT('',(150.,-217.5,415.));
#843 = SURFACE_CURVE('',#844,(#848,#855),.PCURVE_S1.);
#844 = LINE('',#845,#846);
#845 = CARTESIAN_POINT('',(-150.,-217.5,415.));
#846 = VECTOR('',#847,1.);
#847 = DIRECTION('',(1.,0.,0.));
#848 = PCURVE('',#666,#849);
#849 = DEFINITIONAL_REPRESENTATION('',(#850),#854);
#850 = LINE('',#851,#852);
#851 = CARTESIAN_POINT('',(0.,0.));
#852 = VECTOR('',#853,1.);
#853 = DIRECTION('',(1.,0.));
#854 = ( GEOMETRIC_REPRESENTATION_CONTEXT(2) 
PARAMETRIC_REPRESENTATION_CONTEXT() REPRESENTATION_CONTEXT('2D SPACE',''
  ) );
#855 = PCURVE('',#856,#861);
#856 = PLANE('',#857);
#857 = AXIS2_PLACEMENT_3D('',#858,#859,#860);
#858 = CARTESIAN_POINT('',(-150.,-217.5,15.));
#859 = DIRECTION('',(0.,1.,0.));
#860 = DIRECTION('',(0.,0.,1.));
#861 = DEFINITIONAL_REPRESENTATION('',(#862),#866);
#862 = LINE('',#863,#864);
#863 = CARTESIAN_POINT('',(400.,0.));
#864 = VECTOR('',#865,1.);
#865 = DIRECTION('',(0.,1.));
#866 = ( GEOMETRIC_REPRESENTATION_CONTEXT(2) 
PARAMETRIC_REPRESENTATION_CONTEXT() REPRESENTATION_CONTEXT('2D SPACE',''
  ) );
#867 = ORIENTED_EDGE('',*,*,#868,.T.);
#868 = EDGE_CURVE('',#841,#652,#869,.T.);
#869 = SURFACE_CURVE('',#870,(#874,#881),.PCURVE_S1.);
#870 = LINE('',#871,#872);
#871 = CARTESIAN_POINT('',(150.,-217.5,415.));
#872 = VECTOR('',#873,1.);
#873 = DIRECTION('',(0.,1.,0.));
#874 = PCURVE('',#666,#875);
#875 = DEFINITIONAL_REPRESENTATION('',(#876),#880);
#876 = LINE('',#877,#878);
#877 = CARTESIAN_POINT('',(300.,0.));
#878 = VECTOR('',#879,1.);
#879 = DIRECTION('',(0.,1.));
#880 = ( GEOMETRIC_REPRESENTATION_CONTEXT(2) 
PARAMETRIC_REPRESENTATION_CONTEXT() REPRESENTATION_CONTEXT('2D SPACE',''
  ) );
#881 = PCURVE('',#742,#882);
#882 = DEFINITIONAL_REPRESENTATION('',(#883),#887);
#883 = LINE('',#884,#885);
#884 = CARTESIAN_POINT('',(400.,0.));
#885 = VECTOR('',#886,1.);
#886 = DIRECTION('',(0.,-1.));
#887 = ( GEOMETRIC_REPRESENTATION_CONTEXT(2) 
PARAMETRIC_REPRESENTATION_CONTEXT() REPRESENTATION_CONTEXT('2D SPACE',''
  ) );
#888 = ORIENTED_EDGE('',*,*,#649,.F.);
#889 = ADVANCED_FACE('',(#890),#742,.F.);
#890 = FACE_BOUND('',#891,.F.);
#891 = EDGE_LOOP('',(#892,#893,#916,#937));
#892 = ORIENTED_EDGE('',*,*,#868,.F.);
#893 = ORIENTED_EDGE('',*,*,#894,.F.);
#894 = EDGE_CURVE('',#895,#841,#897,.T.);
#895 = VERTEX_POINT('',#896);
#896 = CARTESIAN_POINT('',(150.,-217.5,15.));
#897 = SURFACE_CURVE('',#898,(#902,#909),.PCURVE_S1.);
#898 = LINE('',#899,#900);
#899 = CARTESIAN_POINT('',(150.,-217.5,15.));
#900 = VECTOR('',#901,1.);
#901 = DIRECTION('',(0.,0.,1.));
#902 = PCURVE('',#742,#903);
#903 = DEFINITIONAL_REPRESENTATION('',(#904),#908);
#904 = LINE('',#905,#906);
#905 = CARTESIAN_POINT('',(0.,0.));
#906 = VECTOR('',#907,1.);
#907 = DIRECTION('',(1.,0.));
#908 = ( GEOMETRIC_REPRESENTATION_CONTEXT(2) 
PARAMETRIC_REPRESENTATION_CONTEXT() REPRESENTATION_CONTEXT('2D SPACE',''
  ) );
#909 = PCURVE('',#856,#910);
#910 = DEFINITIONAL_REPRESENTATION('',(#911),#915);
#911 = LINE('',#912,#913);
#912 = CARTESIAN_POINT('',(0.,300.));
#913 = VECTOR('',#914,1.);
#914 = DIRECTION('',(1.,0.));
#915 = ( GEOMETRIC_REPRESENTATION_CONTEXT(2) 
PARAMETRIC_REPRESENTATION_CONTEXT() REPRESENTATION_CONTEXT('2D SPACE',''
  ) );
#916 = ORIENTED_EDGE('',*,*,#917,.T.);
#917 = EDGE_CURVE('',#895,#704,#918,.T.);
#918 = SURFACE_CURVE('',#919,(#923,#930),.PCURVE_S1.);
#919 = LINE('',#920,#921);
#920 = CARTESIAN_POINT('',(150.,-217.5,15.));
#921 = VECTOR('',#922,1.);
#922 = DIRECTION('',(0.,1.,0.));
#923 = PCURVE('',#742,#924);
#924 = DEFINITIONAL_REPRESENTATION('',(#925),#929);
#925 = LINE('',#926,#927);
#926 = CARTESIAN_POINT('',(0.,0.));
#927 = VECTOR('',#928,1.);
#928 = DIRECTION('',(0.,-1.));
#929 = ( GEOMETRIC_REPRESENTATION_CONTEXT(2) 
PARAMETRIC_REPRESENTATION_CONTEXT() REPRESENTATION_CONTEXT('2D SPACE',''
  ) );
#930 = PCURVE('',#718,#931);
#931 = DEFINITIONAL_REPRESENTATION('',(#932),#936);
#932 = LINE('',#933,#934);
#933 = CARTESIAN_POINT('',(300.,0.));
#934 = VECTOR('',#935,1.);
#935 = DIRECTION('',(0.,1.));
#936 = ( GEOMETRIC_REPRESENTATION_CONTEXT(2) 
PARAMETRIC_REPRESENTATION_CONTEXT() REPRESENTATION_CONTEXT('2D SPACE',''
  ) );
#937 = ORIENTED_EDGE('',*,*,#729,.F.);
#938 = ADVANCED_FACE('',(#939),#718,.T.);
#939 = FACE_BOUND('',#940,.T.);
#940 = EDGE_LOOP('',(#941,#964,#985,#986));
#941 = ORIENTED_EDGE('',*,*,#942,.F.);
#942 = EDGE_CURVE('',#943,#678,#945,.T.);
#943 = VERTEX_POINT('',#944);
#944 = CARTESIAN_POINT('',(-150.,-217.5,15.));
#945 = SURFACE_CURVE('',#946,(#950,#957),.PCURVE_S1.);
#946 = LINE('',#947,#948);
#947 = CARTESIAN_POINT('',(-150.,-217.5,15.));
#948 = VECTOR('',#949,1.);
#949 = DIRECTION('',(0.,1.,0.));
#950 = PCURVE('',#718,#951);
#951 = DEFINITIONAL_REPRESENTATION('',(#952),#956);
#952 = LINE('',#953,#954);
#953 = CARTESIAN_POINT('',(0.,0.));
#954 = VECTOR('',#955,1.);
#955 = DIRECTION('',(0.,1.));
#956 = ( GEOMETRIC_REPRESENTATION_CONTEXT(2) 
PARAMETRIC_REPRESENTATION_CONTEXT() REPRESENTATION_CONTEXT('2D SPACE',''
  ) );
#957 = PCURVE('',#692,#958);
#958 = DEFINITIONAL_REPRESENTATION('',(#959),#963);
#959 = LINE('',#960,#961);
#960 = CARTESIAN_POINT('',(0.,0.));
#961 = VECTOR('',#962,1.);
#962 = DIRECTION('',(0.,-1.));
#963 = ( GEOMETRIC_REPRESENTATION_CONTEXT(2) 
PARAMETRIC_REPRESENTATION_CONTEXT() REPRESENTATION_CONTEXT('2D SPACE',''
  ) );
#964 = ORIENTED_EDGE('',*,*,#965,.T.);
#965 = EDGE_CURVE('',#943,#895,#966,.T.);
#966 = SURFACE_CURVE('',#967,(#971,#978),.PCURVE_S1.);
#967 = LINE('',#968,#969);
#968 = CARTESIAN_POINT('',(-150.,-217.5,15.));
#969 = VECTOR('',#970,1.);
#970 = DIRECTION('',(1.,0.,0.));
#971 = PCURVE('',#718,#972);
#972 = DEFINITIONAL_REPRESENTATION('',(#973),#977);
#973 = LINE('',#974,#975);
#974 = CARTESIAN_POINT('',(0.,0.));
#975 = VECTOR('',#976,1.);
#976 = DIRECTION('',(1.,0.));
#977 = ( GEOMETRIC_REPRESENTATION_CONTEXT(2) 
PARAMETRIC_REPRESENTATION_CONTEXT() REPRESENTATION_CONTEXT('2D SPACE',''
  ) );
#978 = PCURVE('',#856,#979);
#979 = DEFINITIONAL_REPRESENTATION('',(#980),#984);
#980 = LINE('',#981,#982);
#981 = CARTESIAN_POINT('',(0.,0.));
#982 = VECTOR('',#983,1.);
#983 = DIRECTION('',(0.,1.));
#984 = ( GEOMETRIC_REPRESENTATION_CONTEXT(2) 
PARAMETRIC_REPRESENTATION_CONTEXT() REPRESENTATION_CONTEXT('2D SPACE',''
  ) );
#985 = ORIENTED_EDGE('',*,*,#917,.T.);
#986 = ORIENTED_EDGE('',*,*,#703,.F.);
#987 = ADVANCED_FACE('',(#988),#692,.T.);
#988 = FACE_BOUND('',#989,.T.);
#989 = EDGE_LOOP('',(#990,#991,#1012,#1013));
#990 = ORIENTED_EDGE('',*,*,#817,.F.);
#991 = ORIENTED_EDGE('',*,*,#992,.F.);
#992 = EDGE_CURVE('',#943,#818,#993,.T.);
#993 = SURFACE_CURVE('',#994,(#998,#1005),.PCURVE_S1.);
#994 = LINE('',#995,#996);
#995 = CARTESIAN_POINT('',(-150.,-217.5,15.));
#996 = VECTOR('',#997,1.);
#997 = DIRECTION('',(0.,0.,1.));
#998 = PCURVE('',#692,#999);
#999 = DEFINITIONAL_REPRESENTATION('',(#1000),#1004);
#1000 = LINE('',#1001,#1002);
#1001 = CARTESIAN_POINT('',(0.,0.));
#1002 = VECTOR('',#1003,1.);
#1003 = DIRECTION('',(1.,0.));
#1004 = ( GEOMETRIC_REPRESENTATION_CONTEXT(2) 
PARAMETRIC_REPRESENTATION_CONTEXT() REPRESENTATION_CONTEXT('2D SPACE',''
  ) );
#1005 = PCURVE('',#856,#1006);
#1006 = DEFINITIONAL_REPRESENTATION('',(#1007),#1011);
#1007 = LINE('',#1008,#1009);
#1008 = CARTESIAN_POINT('',(0.,0.));
#1009 = VECTOR('',#1010,1.);
#1010 = DIRECTION('',(1.,0.));
#1011 = ( GEOMETRIC_REPRESENTATION_CONTEXT(2) 
PARAMETRIC_REPRESENTATION_CONTEXT() REPRESENTATION_CONTEXT('2D SPACE',''
  ) );
#1012 = ORIENTED_EDGE('',*,*,#942,.T.);
#1013 = ORIENTED_EDGE('',*,*,#677,.F.);
#1014 = ADVANCED_FACE('',(#1015),#856,.T.);
#1015 = FACE_BOUND('',#1016,.T.);
#1016 = EDGE_LOOP('',(#1017,#1018,#1019,#1020));
#1017 = ORIENTED_EDGE('',*,*,#965,.F.);
#1018 = ORIENTED_EDGE('',*,*,#992,.T.);
#1019 = ORIENTED_EDGE('',*,*,#840,.T.);
#1020 = ORIENTED_EDGE('',*,*,#894,.F.);
#1021 = ( GEOMETRIC_REPRESENTATION_CONTEXT(3) 
GLOBAL_UNCERTAINTY_ASSIGNED_CONTEXT((#1025)) 
GLOBAL_UNIT_ASSIGNED_CONTEXT((#1022,#1023,#1024)) REPRESENTATION_CONTEXT
('Context #1','3D Context with UNIT and UNCERTAINTY') );
#1022 = ( LENGTH_UNIT() NAMED_UNIT(*) SI_UNIT(.MILLI.,.METRE.) );
#1023 = ( NAMED_UNIT(*) PLANE_ANGLE_UNIT() SI_UNIT($,.RADIAN.) );
#1024 = ( NAMED_UNIT(*) SI_UNIT($,.STERADIAN.) SOLID_ANGLE_UNIT() );
#1025 = UNCERTAINTY_MEASURE_WITH_UNIT(LENGTH_MEASURE(1.E-07),#1022,
  'distance_accuracy_value','confusion accuracy');
#1026 = CONTEXT_DEPENDENT_SHAPE_REPRESENTATION(#1027,#1029);
#1027 = ( REPRESENTATION_RELATIONSHIP('','',#40,#10) 
REPRESENTATION_RELATIONSHIP_WITH_TRANSFORMATION(#1028) 
SHAPE_REPRESENTATION_RELATIONSHIP() );
#1028 = ITEM_DEFINED_TRANSFORMATION('','',#11,#15);
#1029 = PRODUCT_DEFINITION_SHAPE('Placement','Placement of an item',
  #1030);
#1030 = NEXT_ASSEMBLY_USAGE_OCCURRENCE('1','gabinete','',#5,#35,$);
#1031 = PRODUCT_RELATED_PRODUCT_CATEGORY('part',$,(#37));
#1032 = SHAPE_DEFINITION_REPRESENTATION(#1033,#1039);
#1033 = PRODUCT_DEFINITION_SHAPE('','',#1034);
#1034 = PRODUCT_DEFINITION('design','',#1035,#1038);
#1035 = PRODUCT_DEFINITION_FORMATION('','',#1036);
#1036 = PRODUCT('puerta','puerta','',(#1037));
#1037 = PRODUCT_CONTEXT('',#2,'mechanical');
#1038 = PRODUCT_DEFINITION_CONTEXT('part definition',#2,'design');
#1039 = ADVANCED_BREP_SHAPE_REPRESENTATION('',(#11,#1040),#2344);
#1040 = MANIFOLD_SOLID_BREP('',#1041);
#1041 = CLOSED_SHELL('',(#1042,#1162,#1575,#1644,#1691,#1759,#1920,#1967
    ,#1992,#2063,#2117,#2166,#2216,#2265,#2293,#2325));
#1042 = ADVANCED_FACE('',(#1043),#1057,.F.);
#1043 = FACE_BOUND('',#1044,.F.);
#1044 = EDGE_LOOP('',(#1045,#1080,#1108,#1136));
#1045 = ORIENTED_EDGE('',*,*,#1046,.F.);
#1046 = EDGE_CURVE('',#1047,#1049,#1051,.T.);
#1047 = VERTEX_POINT('',#1048);
#1048 = CARTESIAN_POINT('',(-163.,-6.,-209.4));
#1049 = VERTEX_POINT('',#1050);
#1050 = CARTESIAN_POINT('',(-163.,-6.,209.4));
#1051 = SURFACE_CURVE('',#1052,(#1056,#1068),.PCURVE_S1.);
#1052 = LINE('',#1053,#1054);
#1053 = CARTESIAN_POINT('',(-163.,-6.,-213.));
#1054 = VECTOR('',#1055,1.);
#1055 = DIRECTION('',(0.,0.,1.));
#1056 = PCURVE('',#1057,#1062);
#1057 = PLANE('',#1058);
#1058 = AXIS2_PLACEMENT_3D('',#1059,#1060,#1061);
#1059 = CARTESIAN_POINT('',(-163.,-6.,-213.));
#1060 = DIRECTION('',(1.,0.,0.));
#1061 = DIRECTION('',(0.,0.,1.));
#1062 = DEFINITIONAL_REPRESENTATION('',(#1063),#1067);
#1063 = LINE('',#1064,#1065);
#1064 = CARTESIAN_POINT('',(0.,0.));
#1065 = VECTOR('',#1066,1.);
#1066 = DIRECTION('',(1.,0.));
#1067 = ( GEOMETRIC_REPRESENTATION_CONTEXT(2) 
PARAMETRIC_REPRESENTATION_CONTEXT() REPRESENTATION_CONTEXT('2D SPACE',''
  ) );
#1068 = PCURVE('',#1069,#1074);
#1069 = PLANE('',#1070);
#1070 = AXIS2_PLACEMENT_3D('',#1071,#1072,#1073);
#1071 = CARTESIAN_POINT('',(-163.,-6.,-213.));
#1072 = DIRECTION('',(0.,1.,0.));
#1073 = DIRECTION('',(0.,0.,1.));
#1074 = DEFINITIONAL_REPRESENTATION('',(#1075),#1079);
#1075 = LINE('',#1076,#1077);
#1076 = CARTESIAN_POINT('',(0.,0.));
#1077 = VECTOR('',#1078,1.);
#1078 = DIRECTION('',(1.,0.));
#1079 = ( GEOMETRIC_REPRESENTATION_CONTEXT(2) 
PARAMETRIC_REPRESENTATION_CONTEXT() REPRESENTATION_CONTEXT('2D SPACE',''
  ) );
#1080 = ORIENTED_EDGE('',*,*,#1081,.T.);
#1081 = EDGE_CURVE('',#1047,#1082,#1084,.T.);
#1082 = VERTEX_POINT('',#1083);
#1083 = CARTESIAN_POINT('',(-163.,6.,-209.4));
#1084 = SURFACE_CURVE('',#1085,(#1089,#1096),.PCURVE_S1.);
#1085 = LINE('',#1086,#1087);
#1086 = CARTESIAN_POINT('',(-163.,-6.,-209.4));
#1087 = VECTOR('',#1088,1.);
#1088 = DIRECTION('',(0.,1.,0.));
#1089 = PCURVE('',#1057,#1090);
#1090 = DEFINITIONAL_REPRESENTATION('',(#1091),#1095);
#1091 = LINE('',#1092,#1093);
#1092 = CARTESIAN_POINT('',(3.6,0.));
#1093 = VECTOR('',#1094,1.);
#1094 = DIRECTION('',(0.,-1.));
#1095 = ( GEOMETRIC_REPRESENTATION_CONTEXT(2) 
PARAMETRIC_REPRESENTATION_CONTEXT() REPRESENTATION_CONTEXT('2D SPACE',''
  ) );
#1096 = PCURVE('',#1097,#1102);
#1097 = CYLINDRICAL_SURFACE('',#1098,3.6);
#1098 = AXIS2_PLACEMENT_3D('',#1099,#1100,#1101);
#1099 = CARTESIAN_POINT('',(-159.4,-6.,-209.4));
#1100 = DIRECTION('',(0.,1.,0.));
#1101 = DIRECTION('',(-1.,0.,0.));
#1102 = DEFINITIONAL_REPRESENTATION('',(#1103),#1107);
#1103 = LINE('',#1104,#1105);
#1104 = CARTESIAN_POINT('',(-0.,0.));
#1105 = VECTOR('',#1106,1.);
#1106 = DIRECTION('',(-0.,1.));
#1107 = ( GEOMETRIC_REPRESENTATION_CONTEXT(2) 
PARAMETRIC_REPRESENTATION_CONTEXT() REPRESENTATION_CONTEXT('2D SPACE',''
  ) );
#1108 = ORIENTED_EDGE('',*,*,#1109,.T.);
#1109 = EDGE_CURVE('',#1082,#1110,#1112,.T.);
#1110 = VERTEX_POINT('',#1111);
#1111 = CARTESIAN_POINT('',(-163.,6.,209.4));
#1112 = SURFACE_CURVE('',#1113,(#1117,#1124),.PCURVE_S1.);
#1113 = LINE('',#1114,#1115);
#1114 = CARTESIAN_POINT('',(-163.,6.,-213.));
#1115 = VECTOR('',#1116,1.);
#1116 = DIRECTION('',(0.,0.,1.));
#1117 = PCURVE('',#1057,#1118);
#1118 = DEFINITIONAL_REPRESENTATION('',(#1119),#1123);
#1119 = LINE('',#1120,#1121);
#1120 = CARTESIAN_POINT('',(0.,-12.));
#1121 = VECTOR('',#1122,1.);
#1122 = DIRECTION('',(1.,0.));
#1123 = ( GEOMETRIC_REPRESENTATION_CONTEXT(2) 
PARAMETRIC_REPRESENTATION_CONTEXT() REPRESENTATION_CONTEXT('2D SPACE',''
  ) );
#1124 = PCURVE('',#1125,#1130);
#1125 = PLANE('',#1126);
#1126 = AXIS2_PLACEMENT_3D('',#1127,#1128,#1129);
#1127 = CARTESIAN_POINT('',(-163.,6.,-213.));
#1128 = DIRECTION('',(0.,1.,0.));
#1129 = DIRECTION('',(0.,0.,1.));
#1130 = DEFINITIONAL_REPRESENTATION('',(#1131),#1135);
#1131 = LINE('',#1132,#1133);
#1132 = CARTESIAN_POINT('',(0.,0.));
#1133 = VECTOR('',#1134,1.);
#1134 = DIRECTION('',(1.,0.));
#1135 = ( GEOMETRIC_REPRESENTATION_CONTEXT(2) 
PARAMETRIC_REPRESENTATION_CONTEXT() REPRESENTATION_CONTEXT('2D SPACE',''
  ) );
#1136 = ORIENTED_EDGE('',*,*,#1137,.F.);
#1137 = EDGE_CURVE('',#1049,#1110,#1138,.T.);
#1138 = SURFACE_CURVE('',#1139,(#1143,#1150),.PCURVE_S1.);
#1139 = LINE('',#1140,#1141);
#1140 = CARTESIAN_POINT('',(-163.,-6.,209.4));
#1141 = VECTOR('',#1142,1.);
#1142 = DIRECTION('',(0.,1.,0.));
#1143 = PCURVE('',#1057,#1144);
#1144 = DEFINITIONAL_REPRESENTATION('',(#1145),#1149);
#1145 = LINE('',#1146,#1147);
#1146 = CARTESIAN_POINT('',(422.4,0.));
#1147 = VECTOR('',#1148,1.);
#1148 = DIRECTION('',(0.,-1.));
#1149 = ( GEOMETRIC_REPRESENTATION_CONTEXT(2) 
PARAMETRIC_REPRESENTATION_CONTEXT() REPRESENTATION_CONTEXT('2D SPACE',''
  ) );
#1150 = PCURVE('',#1151,#1156);
#1151 = CYLINDRICAL_SURFACE('',#1152,3.6);
#1152 = AXIS2_PLACEMENT_3D('',#1153,#1154,#1155);
#1153 = CARTESIAN_POINT('',(-159.4,-6.,209.4));
#1154 = DIRECTION('',(0.,1.,0.));
#1155 = DIRECTION('',(-1.,0.,0.));
#1156 = DEFINITIONAL_REPRESENTATION('',(#1157),#1161);
#1157 = LINE('',#1158,#1159);
#1158 = CARTESIAN_POINT('',(0.,0.));
#1159 = VECTOR('',#1160,1.);
#1160 = DIRECTION('',(0.,1.));
#1161 = ( GEOMETRIC_REPRESENTATION_CONTEXT(2) 
PARAMETRIC_REPRESENTATION_CONTEXT() REPRESENTATION_CONTEXT('2D SPACE',''
  ) );
#1162 = ADVANCED_FACE('',(#1163,#1362),#1125,.T.);
#1163 = FACE_BOUND('',#1164,.T.);
#1164 = EDGE_LOOP('',(#1165,#1195,#1221,#1222,#1246,#1274,#1307,#1335));
#1165 = ORIENTED_EDGE('',*,*,#1166,.F.);
#1166 = EDGE_CURVE('',#1167,#1169,#1171,.T.);
#1167 = VERTEX_POINT('',#1168);
#1168 = CARTESIAN_POINT('',(-159.4,6.,-213.));
#1169 = VERTEX_POINT('',#1170);
#1170 = CARTESIAN_POINT('',(159.4,6.,-213.));
#1171 = SURFACE_CURVE('',#1172,(#1176,#1183),.PCURVE_S1.);
#1172 = LINE('',#1173,#1174);
#1173 = CARTESIAN_POINT('',(-163.,6.,-213.));
#1174 = VECTOR('',#1175,1.);
#1175 = DIRECTION('',(1.,0.,0.));
#1176 = PCURVE('',#1125,#1177);
#1177 = DEFINITIONAL_REPRESENTATION('',(#1178),#1182);
#1178 = LINE('',#1179,#1180);
#1179 = CARTESIAN_POINT('',(0.,0.));
#1180 = VECTOR('',#1181,1.);
#1181 = DIRECTION('',(0.,1.));
#1182 = ( GEOMETRIC_REPRESENTATION_CONTEXT(2) 
PARAMETRIC_REPRESENTATION_CONTEXT() REPRESENTATION_CONTEXT('2D SPACE',''
  ) );
#1183 = PCURVE('',#1184,#1189);
#1184 = PLANE('',#1185);
#1185 = AXIS2_PLACEMENT_3D('',#1186,#1187,#1188);
#1186 = CARTESIAN_POINT('',(-163.,-6.,-213.));
#1187 = DIRECTION('',(0.,0.,1.));
#1188 = DIRECTION('',(1.,0.,0.));
#1189 = DEFINITIONAL_REPRESENTATION('',(#1190),#1194);
#1190 = LINE('',#1191,#1192);
#1191 = CARTESIAN_POINT('',(0.,12.));
#1192 = VECTOR('',#1193,1.);
#1193 = DIRECTION('',(1.,0.));
#1194 = ( GEOMETRIC_REPRESENTATION_CONTEXT(2) 
PARAMETRIC_REPRESENTATION_CONTEXT() REPRESENTATION_CONTEXT('2D SPACE',''
  ) );
#1195 = ORIENTED_EDGE('',*,*,#1196,.F.);
#1196 = EDGE_CURVE('',#1082,#1167,#1197,.T.);
#1197 = SURFACE_CURVE('',#1198,(#1203,#1214),.PCURVE_S1.);
#1198 = CIRCLE('',#1199,3.6);
#1199 = AXIS2_PLACEMENT_3D('',#1200,#1201,#1202);
#1200 = CARTESIAN_POINT('',(-159.4,6.,-209.4));
#1201 = DIRECTION('',(-0.,-1.,0.));
#1202 = DIRECTION('',(0.,-0.,1.));
#1203 = PCURVE('',#1125,#1204);
#1204 = DEFINITIONAL_REPRESENTATION('',(#1205),#1213);
#1205 = ( BOUNDED_CURVE() B_SPLINE_CURVE(2,(#1206,#1207,#1208,#1209,
#1210,#1211,#1212),.UNSPECIFIED.,.T.,.F.) B_SPLINE_CURVE_WITH_KNOTS((1,2
    ,2,2,2,1),(-2.094395102393,0.,2.094395102393,4.188790204786,
6.28318530718,8.377580409573),.UNSPECIFIED.) CURVE() 
GEOMETRIC_REPRESENTATION_ITEM() RATIONAL_B_SPLINE_CURVE((1.,0.5,1.,0.5,
1.,0.5,1.)) REPRESENTATION_ITEM('') );
#1206 = CARTESIAN_POINT('',(7.2,3.6));
#1207 = CARTESIAN_POINT('',(7.2,-2.635382907248));
#1208 = CARTESIAN_POINT('',(1.8,0.482308546376));
#1209 = CARTESIAN_POINT('',(-3.6,3.6));
#1210 = CARTESIAN_POINT('',(1.8,6.717691453624));
#1211 = CARTESIAN_POINT('',(7.2,9.835382907248));
#1212 = CARTESIAN_POINT('',(7.2,3.6));
#1213 = ( GEOMETRIC_REPRESENTATION_CONTEXT(2) 
PARAMETRIC_REPRESENTATION_CONTEXT() REPRESENTATION_CONTEXT('2D SPACE',''
  ) );
#1214 = PCURVE('',#1097,#1215);
#1215 = DEFINITIONAL_REPRESENTATION('',(#1216),#1220);
#1216 = LINE('',#1217,#1218);
#1217 = CARTESIAN_POINT('',(1.570796326795,12.));
#1218 = VECTOR('',#1219,1.);
#1219 = DIRECTION('',(-1.,0.));
#1220 = ( GEOMETRIC_REPRESENTATION_CONTEXT(2) 
PARAMETRIC_REPRESENTATION_CONTEXT() REPRESENTATION_CONTEXT('2D SPACE',''
  ) );
#1221 = ORIENTED_EDGE('',*,*,#1109,.T.);
#1222 = ORIENTED_EDGE('',*,*,#1223,.T.);
#1223 = EDGE_CURVE('',#1110,#1224,#1226,.T.);
#1224 = VERTEX_POINT('',#1225);
#1225 = CARTESIAN_POINT('',(-159.4,6.,213.));
#1226 = SURFACE_CURVE('',#1227,(#1232,#1239),.PCURVE_S1.);
#1227 = CIRCLE('',#1228,3.6);
#1228 = AXIS2_PLACEMENT_3D('',#1229,#1230,#1231);
#1229 = CARTESIAN_POINT('',(-159.4,6.,209.4));
#1230 = DIRECTION('',(0.,1.,0.));
#1231 = DIRECTION('',(0.,-0.,1.));
#1232 = PCURVE('',#1125,#1233);
#1233 = DEFINITIONAL_REPRESENTATION('',(#1234),#1238);
#1234 = CIRCLE('',#1235,3.6);
#1235 = AXIS2_PLACEMENT_2D('',#1236,#1237);
#1236 = CARTESIAN_POINT('',(422.4,3.6));
#1237 = DIRECTION('',(1.,0.));
#1238 = ( GEOMETRIC_REPRESENTATION_CONTEXT(2) 
PARAMETRIC_REPRESENTATION_CONTEXT() REPRESENTATION_CONTEXT('2D SPACE',''
  ) );
#1239 = PCURVE('',#1151,#1240);
#1240 = DEFINITIONAL_REPRESENTATION('',(#1241),#1245);
#1241 = LINE('',#1242,#1243);
#1242 = CARTESIAN_POINT('',(-4.712388980385,12.));
#1243 = VECTOR('',#1244,1.);
#1244 = DIRECTION('',(1.,0.));
#1245 = ( GEOMETRIC_REPRESENTATION_CONTEXT(2) 
PARAMETRIC_REPRESENTATION_CONTEXT() REPRESENTATION_CONTEXT('2D SPACE',''
  ) );
#1246 = ORIENTED_EDGE('',*,*,#1247,.T.);
#1247 = EDGE_CURVE('',#1224,#1248,#1250,.T.);
#1248 = VERTEX_POINT('',#1249);
#1249 = CARTESIAN_POINT('',(159.4,6.,213.));
#1250 = SURFACE_CURVE('',#1251,(#1255,#1262),.PCURVE_S1.);
#1251 = LINE('',#1252,#1253);
#1252 = CARTESIAN_POINT('',(-163.,6.,213.));
#1253 = VECTOR('',#1254,1.);
#1254 = DIRECTION('',(1.,0.,0.));
#1255 = PCURVE('',#1125,#1256);
#1256 = DEFINITIONAL_REPRESENTATION('',(#1257),#1261);
#1257 = LINE('',#1258,#1259);
#1258 = CARTESIAN_POINT('',(426.,0.));
#1259 = VECTOR('',#1260,1.);
#1260 = DIRECTION('',(0.,1.));
#1261 = ( GEOMETRIC_REPRESENTATION_CONTEXT(2) 
PARAMETRIC_REPRESENTATION_CONTEXT() REPRESENTATION_CONTEXT('2D SPACE',''
  ) );
#1262 = PCURVE('',#1263,#1268);
#1263 = PLANE('',#1264);
#1264 = AXIS2_PLACEMENT_3D('',#1265,#1266,#1267);
#1265 = CARTESIAN_POINT('',(-163.,-6.,213.));
#1266 = DIRECTION('',(0.,0.,1.));
#1267 = DIRECTION('',(1.,0.,0.));
#1268 = DEFINITIONAL_REPRESENTATION('',(#1269),#1273);
#1269 = LINE('',#1270,#1271);
#1270 = CARTESIAN_POINT('',(0.,12.));
#1271 = VECTOR('',#1272,1.);
#1272 = DIRECTION('',(1.,0.));
#1273 = ( GEOMETRIC_REPRESENTATION_CONTEXT(2) 
PARAMETRIC_REPRESENTATION_CONTEXT() REPRESENTATION_CONTEXT('2D SPACE',''
  ) );
#1274 = ORIENTED_EDGE('',*,*,#1275,.F.);
#1275 = EDGE_CURVE('',#1276,#1248,#1278,.T.);
#1276 = VERTEX_POINT('',#1277);
#1277 = CARTESIAN_POINT('',(163.,6.,209.4));
#1278 = SURFACE_CURVE('',#1279,(#1284,#1295),.PCURVE_S1.);
#1279 = CIRCLE('',#1280,3.6);
#1280 = AXIS2_PLACEMENT_3D('',#1281,#1282,#1283);
#1281 = CARTESIAN_POINT('',(159.4,6.,209.4));
#1282 = DIRECTION('',(-0.,-1.,0.));
#1283 = DIRECTION('',(0.,-0.,1.));
#1284 = PCURVE('',#1125,#1285);
#1285 = DEFINITIONAL_REPRESENTATION('',(#1286),#1294);
#1286 = ( BOUNDED_CURVE() B_SPLINE_CURVE(2,(#1287,#1288,#1289,#1290,
#1291,#1292,#1293),.UNSPECIFIED.,.T.,.F.) B_SPLINE_CURVE_WITH_KNOTS((1,2
    ,2,2,2,1),(-2.094395102393,0.,2.094395102393,4.188790204786,
6.28318530718,8.377580409573),.UNSPECIFIED.) CURVE() 
GEOMETRIC_REPRESENTATION_ITEM() RATIONAL_B_SPLINE_CURVE((1.,0.5,1.,0.5,
1.,0.5,1.)) REPRESENTATION_ITEM('') );
#1287 = CARTESIAN_POINT('',(426.,322.4));
#1288 = CARTESIAN_POINT('',(426.,316.16461709275));
#1289 = CARTESIAN_POINT('',(420.6,319.28230854637));
#1290 = CARTESIAN_POINT('',(415.2,322.4));
#1291 = CARTESIAN_POINT('',(420.6,325.51769145362));
#1292 = CARTESIAN_POINT('',(426.,328.63538290724));
#1293 = CARTESIAN_POINT('',(426.,322.4));
#1294 = ( GEOMETRIC_REPRESENTATION_CONTEXT(2) 
PARAMETRIC_REPRESENTATION_CONTEXT() REPRESENTATION_CONTEXT('2D SPACE',''
  ) );
#1295 = PCURVE('',#1296,#1301);
#1296 = CYLINDRICAL_SURFACE('',#1297,3.6);
#1297 = AXIS2_PLACEMENT_3D('',#1298,#1299,#1300);
#1298 = CARTESIAN_POINT('',(159.4,-6.,209.4));
#1299 = DIRECTION('',(0.,1.,0.));
#1300 = DIRECTION('',(1.,0.,-0.));
#1301 = DEFINITIONAL_REPRESENTATION('',(#1302),#1306);
#1302 = LINE('',#1303,#1304);
#1303 = CARTESIAN_POINT('',(4.712388980385,12.));
#1304 = VECTOR('',#1305,1.);
#1305 = DIRECTION('',(-1.,0.));
#1306 = ( GEOMETRIC_REPRESENTATION_CONTEXT(2) 
PARAMETRIC_REPRESENTATION_CONTEXT() REPRESENTATION_CONTEXT('2D SPACE',''
  ) );
#1307 = ORIENTED_EDGE('',*,*,#1308,.F.);
#1308 = EDGE_CURVE('',#1309,#1276,#1311,.T.);
#1309 = VERTEX_POINT('',#1310);
#1310 = CARTESIAN_POINT('',(163.,6.,-209.4));
#1311 = SURFACE_CURVE('',#1312,(#1316,#1323),.PCURVE_S1.);
#1312 = LINE('',#1313,#1314);
#1313 = CARTESIAN_POINT('',(163.,6.,-213.));
#1314 = VECTOR('',#1315,1.);
#1315 = DIRECTION('',(0.,0.,1.));
#1316 = PCURVE('',#1125,#1317);
#1317 = DEFINITIONAL_REPRESENTATION('',(#1318),#1322);
#1318 = LINE('',#1319,#1320);
#1319 = CARTESIAN_POINT('',(0.,326.));
#1320 = VECTOR('',#1321,1.);
#1321 = DIRECTION('',(1.,0.));
#1322 = ( GEOMETRIC_REPRESENTATION_CONTEXT(2) 
PARAMETRIC_REPRESENTATION_CONTEXT() REPRESENTATION_CONTEXT('2D SPACE',''
  ) );
#1323 = PCURVE('',#1324,#1329);
#1324 = PLANE('',#1325);
#1325 = AXIS2_PLACEMENT_3D('',#1326,#1327,#1328);
#1326 = CARTESIAN_POINT('',(163.,-6.,-213.));
#1327 = DIRECTION('',(1.,0.,0.));
#1328 = DIRECTION('',(0.,0.,1.));
#1329 = DEFINITIONAL_REPRESENTATION('',(#1330),#1334);
#1330 = LINE('',#1331,#1332);
#1331 = CARTESIAN_POINT('',(0.,-12.));
#1332 = VECTOR('',#1333,1.);
#1333 = DIRECTION('',(1.,0.));
#1334 = ( GEOMETRIC_REPRESENTATION_CONTEXT(2) 
PARAMETRIC_REPRESENTATION_CONTEXT() REPRESENTATION_CONTEXT('2D SPACE',''
  ) );
#1335 = ORIENTED_EDGE('',*,*,#1336,.T.);
#1336 = EDGE_CURVE('',#1309,#1169,#1337,.T.);
#1337 = SURFACE_CURVE('',#1338,(#1343,#1350),.PCURVE_S1.);
#1338 = CIRCLE('',#1339,3.6);
#1339 = AXIS2_PLACEMENT_3D('',#1340,#1341,#1342);
#1340 = CARTESIAN_POINT('',(159.4,6.,-209.4));
#1341 = DIRECTION('',(0.,1.,0.));
#1342 = DIRECTION('',(0.,-0.,1.));
#1343 = PCURVE('',#1125,#1344);
#1344 = DEFINITIONAL_REPRESENTATION('',(#1345),#1349);
#1345 = CIRCLE('',#1346,3.6);
#1346 = AXIS2_PLACEMENT_2D('',#1347,#1348);
#1347 = CARTESIAN_POINT('',(3.6,322.4));
#1348 = DIRECTION('',(1.,0.));
#1349 = ( GEOMETRIC_REPRESENTATION_CONTEXT(2) 
PARAMETRIC_REPRESENTATION_CONTEXT() REPRESENTATION_CONTEXT('2D SPACE',''
  ) );
#1350 = PCURVE('',#1351,#1356);
#1351 = CYLINDRICAL_SURFACE('',#1352,3.6);
#1352 = AXIS2_PLACEMENT_3D('',#1353,#1354,#1355);
#1353 = CARTESIAN_POINT('',(159.4,-6.,-209.4));
#1354 = DIRECTION('',(0.,1.,0.));
#1355 = DIRECTION('',(1.,0.,-0.));
#1356 = DEFINITIONAL_REPRESENTATION('',(#1357),#1361);
#1357 = LINE('',#1358,#1359);
#1358 = CARTESIAN_POINT('',(-1.570796326795,12.));
#1359 = VECTOR('',#1360,1.);
#1360 = DIRECTION('',(1.,0.));
#1361 = ( GEOMETRIC_REPRESENTATION_CONTEXT(2) 
PARAMETRIC_REPRESENTATION_CONTEXT() REPRESENTATION_CONTEXT('2D SPACE',''
  ) );
#1362 = FACE_BOUND('',#1363,.T.);
#1363 = EDGE_LOOP('',(#1364,#1392,#1418,#1444,#1470,#1499,#1527,#1551));
#1364 = ORIENTED_EDGE('',*,*,#1365,.F.);
#1365 = EDGE_CURVE('',#1366,#1368,#1370,.T.);
#1366 = VERTEX_POINT('',#1367);
#1367 = CARTESIAN_POINT('',(-118.,6.,168.));
#1368 = VERTEX_POINT('',#1369);
#1369 = CARTESIAN_POINT('',(118.,6.,168.));
#1370 = SURFACE_CURVE('',#1371,(#1375,#1381),.PCURVE_S1.);
#1371 = LINE('',#1372,#1373);
#1372 = CARTESIAN_POINT('',(-140.5,6.,168.));
#1373 = VECTOR('',#1374,1.);
#1374 = DIRECTION('',(1.,0.,0.));
#1375 = PCURVE('',#1125,#1376);
#1376 = DEFINITIONAL_REPRESENTATION('',(#1377),#1380);
#1377 = B_SPLINE_CURVE_WITH_KNOTS('',1,(#1378,#1379),.UNSPECIFIED.,.F.,
  .F.,(2,2),(22.5,258.5),.PIECEWISE_BEZIER_KNOTS.);
#1378 = CARTESIAN_POINT('',(381.,45.));
#1379 = CARTESIAN_POINT('',(381.,281.));
#1380 = ( GEOMETRIC_REPRESENTATION_CONTEXT(2) 
PARAMETRIC_REPRESENTATION_CONTEXT() REPRESENTATION_CONTEXT('2D SPACE',''
  ) );
#1381 = PCURVE('',#1382,#1387);
#1382 = PLANE('',#1383);
#1383 = AXIS2_PLACEMENT_3D('',#1384,#1385,#1386);
#1384 = CARTESIAN_POINT('',(-118.,-12.,168.));
#1385 = DIRECTION('',(0.,0.,1.));
#1386 = DIRECTION('',(1.,0.,0.));
#1387 = DEFINITIONAL_REPRESENTATION('',(#1388),#1391);
#1388 = B_SPLINE_CURVE_WITH_KNOTS('',1,(#1389,#1390),.UNSPECIFIED.,.F.,
  .F.,(2,2),(22.5,258.5),.PIECEWISE_BEZIER_KNOTS.);
#1389 = CARTESIAN_POINT('',(0.,18.));
#1390 = CARTESIAN_POINT('',(236.,18.));
#1391 = ( GEOMETRIC_REPRESENTATION_CONTEXT(2) 
PARAMETRIC_REPRESENTATION_CONTEXT() REPRESENTATION_CONTEXT('2D SPACE',''
  ) );
#1392 = ORIENTED_EDGE('',*,*,#1393,.T.);
#1393 = EDGE_CURVE('',#1366,#1394,#1396,.T.);
#1394 = VERTEX_POINT('',#1395);
#1395 = CARTESIAN_POINT('',(-118.,6.,-168.));
#1396 = SURFACE_CURVE('',#1397,(#1401,#1407),.PCURVE_S1.);
#1397 = LINE('',#1398,#1399);
#1398 = CARTESIAN_POINT('',(-118.,6.,-190.5));
#1399 = VECTOR('',#1400,1.);
#1400 = DIRECTION('',(0.,0.,-1.));
#1401 = PCURVE('',#1125,#1402);
#1402 = DEFINITIONAL_REPRESENTATION('',(#1403),#1406);
#1403 = B_SPLINE_CURVE_WITH_KNOTS('',1,(#1404,#1405),.UNSPECIFIED.,.F.,
  .F.,(2,2),(-358.5,-22.5),.PIECEWISE_BEZIER_KNOTS.);
#1404 = CARTESIAN_POINT('',(381.,45.));
#1405 = CARTESIAN_POINT('',(45.,45.));
#1406 = ( GEOMETRIC_REPRESENTATION_CONTEXT(2) 
PARAMETRIC_REPRESENTATION_CONTEXT() REPRESENTATION_CONTEXT('2D SPACE',''
  ) );
#1407 = PCURVE('',#1408,#1413);
#1408 = PLANE('',#1409);
#1409 = AXIS2_PLACEMENT_3D('',#1410,#1411,#1412);
#1410 = CARTESIAN_POINT('',(-118.,-12.,-168.));
#1411 = DIRECTION('',(1.,0.,0.));
#1412 = DIRECTION('',(0.,0.,1.));
#1413 = DEFINITIONAL_REPRESENTATION('',(#1414),#1417);
#1414 = B_SPLINE_CURVE_WITH_KNOTS('',1,(#1415,#1416),.UNSPECIFIED.,.F.,
  .F.,(2,2),(-358.5,-22.5),.PIECEWISE_BEZIER_KNOTS.);
#1415 = CARTESIAN_POINT('',(336.,-18.));
#1416 = CARTESIAN_POINT('',(0.,-18.));
#1417 = ( GEOMETRIC_REPRESENTATION_CONTEXT(2) 
PARAMETRIC_REPRESENTATION_CONTEXT() REPRESENTATION_CONTEXT('2D SPACE',''
  ) );
#1418 = ORIENTED_EDGE('',*,*,#1419,.T.);
#1419 = EDGE_CURVE('',#1394,#1420,#1422,.T.);
#1420 = VERTEX_POINT('',#1421);
#1421 = CARTESIAN_POINT('',(118.,6.,-168.));
#1422 = SURFACE_CURVE('',#1423,(#1427,#1433),.PCURVE_S1.);
#1423 = LINE('',#1424,#1425);
#1424 = CARTESIAN_POINT('',(-140.5,6.,-168.));
#1425 = VECTOR('',#1426,1.);
#1426 = DIRECTION('',(1.,0.,0.));
#1427 = PCURVE('',#1125,#1428);
#1428 = DEFINITIONAL_REPRESENTATION('',(#1429),#1432);
#1429 = B_SPLINE_CURVE_WITH_KNOTS('',1,(#1430,#1431),.UNSPECIFIED.,.F.,
  .F.,(2,2),(22.5,258.5),.PIECEWISE_BEZIER_KNOTS.);
#1430 = CARTESIAN_POINT('',(45.,45.));
#1431 = CARTESIAN_POINT('',(45.,281.));
#1432 = ( GEOMETRIC_REPRESENTATION_CONTEXT(2) 
PARAMETRIC_REPRESENTATION_CONTEXT() REPRESENTATION_CONTEXT('2D SPACE',''
  ) );
#1433 = PCURVE('',#1434,#1439);
#1434 = PLANE('',#1435);
#1435 = AXIS2_PLACEMENT_3D('',#1436,#1437,#1438);
#1436 = CARTESIAN_POINT('',(-118.,-12.,-168.));
#1437 = DIRECTION('',(0.,0.,1.));
#1438 = DIRECTION('',(1.,0.,0.));
#1439 = DEFINITIONAL_REPRESENTATION('',(#1440),#1443);
#1440 = B_SPLINE_CURVE_WITH_KNOTS('',1,(#1441,#1442),.UNSPECIFIED.,.F.,
  .F.,(2,2),(22.5,258.5),.PIECEWISE_BEZIER_KNOTS.);
#1441 = CARTESIAN_POINT('',(0.,18.));
#1442 = CARTESIAN_POINT('',(236.,18.));
#1443 = ( GEOMETRIC_REPRESENTATION_CONTEXT(2) 
PARAMETRIC_REPRESENTATION_CONTEXT() REPRESENTATION_CONTEXT('2D SPACE',''
  ) );
#1444 = ORIENTED_EDGE('',*,*,#1445,.F.);
#1445 = EDGE_CURVE('',#1446,#1420,#1448,.T.);
#1446 = VERTEX_POINT('',#1447);
#1447 = CARTESIAN_POINT('',(118.,6.,-17.32050807568));
#1448 = SURFACE_CURVE('',#1449,(#1453,#1459),.PCURVE_S1.);
#1449 = LINE('',#1450,#1451);
#1450 = CARTESIAN_POINT('',(118.,6.,-190.5));
#1451 = VECTOR('',#1452,1.);
#1452 = DIRECTION('',(0.,0.,-1.));
#1453 = PCURVE('',#1125,#1454);
#1454 = DEFINITIONAL_REPRESENTATION('',(#1455),#1458);
#1455 = B_SPLINE_CURVE_WITH_KNOTS('',1,(#1456,#1457),.UNSPECIFIED.,.F.,
  .F.,(2,2),(-358.5,-22.5),.PIECEWISE_BEZIER_KNOTS.);
#1456 = CARTESIAN_POINT('',(381.,281.));
#1457 = CARTESIAN_POINT('',(45.,281.));
#1458 = ( GEOMETRIC_REPRESENTATION_CONTEXT(2) 
PARAMETRIC_REPRESENTATION_CONTEXT() REPRESENTATION_CONTEXT('2D SPACE',''
  ) );
#1459 = PCURVE('',#1460,#1465);
#1460 = PLANE('',#1461);
#1461 = AXIS2_PLACEMENT_3D('',#1462,#1463,#1464);
#1462 = CARTESIAN_POINT('',(118.,-12.,-168.));
#1463 = DIRECTION('',(1.,0.,0.));
#1464 = DIRECTION('',(0.,0.,1.));
#1465 = DEFINITIONAL_REPRESENTATION('',(#1466),#1469);
#1466 = B_SPLINE_CURVE_WITH_KNOTS('',1,(#1467,#1468),.UNSPECIFIED.,.F.,
  .F.,(2,2),(-358.5,-22.5),.PIECEWISE_BEZIER_KNOTS.);
#1467 = CARTESIAN_POINT('',(336.,-18.));
#1468 = CARTESIAN_POINT('',(0.,-18.));
#1469 = ( GEOMETRIC_REPRESENTATION_CONTEXT(2) 
PARAMETRIC_REPRESENTATION_CONTEXT() REPRESENTATION_CONTEXT('2D SPACE',''
  ) );
#1470 = ORIENTED_EDGE('',*,*,#1471,.F.);
#1471 = EDGE_CURVE('',#1472,#1446,#1474,.T.);
#1472 = VERTEX_POINT('',#1473);
#1473 = CARTESIAN_POINT('',(128.,6.,-20.));
#1474 = SURFACE_CURVE('',#1475,(#1480,#1487),.PCURVE_S1.);
#1475 = CIRCLE('',#1476,20.);
#1476 = AXIS2_PLACEMENT_3D('',#1477,#1478,#1479);
#1477 = CARTESIAN_POINT('',(128.,6.,0.));
#1478 = DIRECTION('',(0.,1.,0.));
#1479 = DIRECTION('',(0.,-0.,1.));
#1480 = PCURVE('',#1125,#1481);
#1481 = DEFINITIONAL_REPRESENTATION('',(#1482),#1486);
#1482 = CIRCLE('',#1483,20.);
#1483 = AXIS2_PLACEMENT_2D('',#1484,#1485);
#1484 = CARTESIAN_POINT('',(213.,291.));
#1485 = DIRECTION('',(1.,0.));
#1486 = ( GEOMETRIC_REPRESENTATION_CONTEXT(2) 
PARAMETRIC_REPRESENTATION_CONTEXT() REPRESENTATION_CONTEXT('2D SPACE',''
  ) );
#1487 = PCURVE('',#1488,#1493);
#1488 = SPHERICAL_SURFACE('',#1489,20.);
#1489 = AXIS2_PLACEMENT_3D('',#1490,#1491,#1492);
#1490 = CARTESIAN_POINT('',(128.,6.,0.));
#1491 = DIRECTION('',(0.,0.,1.));
#1492 = DIRECTION('',(1.,0.,0.));
#1493 = DEFINITIONAL_REPRESENTATION('',(#1494),#1498);
#1494 = LINE('',#1495,#1496);
#1495 = CARTESIAN_POINT('',(3.14159265359,-4.712388980385));
#1496 = VECTOR('',#1497,1.);
#1497 = DIRECTION('',(-0.,1.));
#1498 = ( GEOMETRIC_REPRESENTATION_CONTEXT(2) 
PARAMETRIC_REPRESENTATION_CONTEXT() REPRESENTATION_CONTEXT('2D SPACE',''
  ) );
#1499 = ORIENTED_EDGE('',*,*,#1500,.T.);
#1500 = EDGE_CURVE('',#1472,#1501,#1503,.T.);
#1501 = VERTEX_POINT('',#1502);
#1502 = CARTESIAN_POINT('',(128.,6.,20.));
#1503 = SURFACE_CURVE('',#1504,(#1509,#1520),.PCURVE_S1.);
#1504 = CIRCLE('',#1505,20.);
#1505 = AXIS2_PLACEMENT_3D('',#1506,#1507,#1508);
#1506 = CARTESIAN_POINT('',(128.,6.,0.));
#1507 = DIRECTION('',(-2.449293598295E-16,-1.,0.));
#1508 = DIRECTION('',(1.,-2.449293598295E-16,0.));
#1509 = PCURVE('',#1125,#1510);
#1510 = DEFINITIONAL_REPRESENTATION('',(#1511),#1519);
#1511 = ( BOUNDED_CURVE() B_SPLINE_CURVE(2,(#1512,#1513,#1514,#1515,
#1516,#1517,#1518),.UNSPECIFIED.,.T.,.F.) B_SPLINE_CURVE_WITH_KNOTS((1,2
    ,2,2,2,1),(-2.094395102393,0.,2.094395102393,4.188790204786,
6.28318530718,8.377580409573),.UNSPECIFIED.) CURVE() 
GEOMETRIC_REPRESENTATION_ITEM() RATIONAL_B_SPLINE_CURVE((1.,0.5,1.,0.5,
1.,0.5,1.)) REPRESENTATION_ITEM('') );
#1512 = CARTESIAN_POINT('',(213.,311.));
#1513 = CARTESIAN_POINT('',(247.64101615137,311.));
#1514 = CARTESIAN_POINT('',(230.32050807568,281.));
#1515 = CARTESIAN_POINT('',(213.,251.));
#1516 = CARTESIAN_POINT('',(195.67949192431,281.));
#1517 = CARTESIAN_POINT('',(178.35898384862,311.));
#1518 = CARTESIAN_POINT('',(213.,311.));
#1519 = ( GEOMETRIC_REPRESENTATION_CONTEXT(2) 
PARAMETRIC_REPRESENTATION_CONTEXT() REPRESENTATION_CONTEXT('2D SPACE',''
  ) );
#1520 = PCURVE('',#1488,#1521);
#1521 = DEFINITIONAL_REPRESENTATION('',(#1522),#1526);
#1522 = LINE('',#1523,#1524);
#1523 = CARTESIAN_POINT('',(6.28318530718,-6.28318530718));
#1524 = VECTOR('',#1525,1.);
#1525 = DIRECTION('',(0.,1.));
#1526 = ( GEOMETRIC_REPRESENTATION_CONTEXT(2) 
PARAMETRIC_REPRESENTATION_CONTEXT() REPRESENTATION_CONTEXT('2D SPACE',''
  ) );
#1527 = ORIENTED_EDGE('',*,*,#1528,.F.);
#1528 = EDGE_CURVE('',#1529,#1501,#1531,.T.);
#1529 = VERTEX_POINT('',#1530);
#1530 = CARTESIAN_POINT('',(118.,6.,17.320508075689));
#1531 = SURFACE_CURVE('',#1532,(#1537,#1544),.PCURVE_S1.);
#1532 = CIRCLE('',#1533,20.);
#1533 = AXIS2_PLACEMENT_3D('',#1534,#1535,#1536);
#1534 = CARTESIAN_POINT('',(128.,6.,0.));
#1535 = DIRECTION('',(0.,1.,0.));
#1536 = DIRECTION('',(0.,-0.,1.));
#1537 = PCURVE('',#1125,#1538);
#1538 = DEFINITIONAL_REPRESENTATION('',(#1539),#1543);
#1539 = CIRCLE('',#1540,20.);
#1540 = AXIS2_PLACEMENT_2D('',#1541,#1542);
#1541 = CARTESIAN_POINT('',(213.,291.));
#1542 = DIRECTION('',(1.,0.));
#1543 = ( GEOMETRIC_REPRESENTATION_CONTEXT(2) 
PARAMETRIC_REPRESENTATION_CONTEXT() REPRESENTATION_CONTEXT('2D SPACE',''
  ) );
#1544 = PCURVE('',#1488,#1545);
#1545 = DEFINITIONAL_REPRESENTATION('',(#1546),#1550);
#1546 = LINE('',#1547,#1548);
#1547 = CARTESIAN_POINT('',(3.14159265359,-4.712388980385));
#1548 = VECTOR('',#1549,1.);
#1549 = DIRECTION('',(-0.,1.));
#1550 = ( GEOMETRIC_REPRESENTATION_CONTEXT(2) 
PARAMETRIC_REPRESENTATION_CONTEXT() REPRESENTATION_CONTEXT('2D SPACE',''
  ) );
#1551 = ORIENTED_EDGE('',*,*,#1552,.F.);
#1552 = EDGE_CURVE('',#1368,#1529,#1553,.T.);
#1553 = SURFACE_CURVE('',#1554,(#1558,#1564),.PCURVE_S1.);
#1554 = LINE('',#1555,#1556);
#1555 = CARTESIAN_POINT('',(118.,6.,-190.5));
#1556 = VECTOR('',#1557,1.);
#1557 = DIRECTION('',(0.,0.,-1.));
#1558 = PCURVE('',#1125,#1559);
#1559 = DEFINITIONAL_REPRESENTATION('',(#1560),#1563);
#1560 = B_SPLINE_CURVE_WITH_KNOTS('',1,(#1561,#1562),.UNSPECIFIED.,.F.,
  .F.,(2,2),(-358.5,-22.5),.PIECEWISE_BEZIER_KNOTS.);
#1561 = CARTESIAN_POINT('',(381.,281.));
#1562 = CARTESIAN_POINT('',(45.,281.));
#1563 = ( GEOMETRIC_REPRESENTATION_CONTEXT(2) 
PARAMETRIC_REPRESENTATION_CONTEXT() REPRESENTATION_CONTEXT('2D SPACE',''
  ) );
#1564 = PCURVE('',#1565,#1570);
#1565 = PLANE('',#1566);
#1566 = AXIS2_PLACEMENT_3D('',#1567,#1568,#1569);
#1567 = CARTESIAN_POINT('',(118.,-12.,-168.));
#1568 = DIRECTION('',(1.,0.,0.));
#1569 = DIRECTION('',(0.,0.,1.));
#1570 = DEFINITIONAL_REPRESENTATION('',(#1571),#1574);
#1571 = B_SPLINE_CURVE_WITH_KNOTS('',1,(#1572,#1573),.UNSPECIFIED.,.F.,
  .F.,(2,2),(-358.5,-22.5),.PIECEWISE_BEZIER_KNOTS.);
#1572 = CARTESIAN_POINT('',(336.,-18.));
#1573 = CARTESIAN_POINT('',(0.,-18.));
#1574 = ( GEOMETRIC_REPRESENTATION_CONTEXT(2) 
PARAMETRIC_REPRESENTATION_CONTEXT() REPRESENTATION_CONTEXT('2D SPACE',''
  ) );
#1575 = ADVANCED_FACE('',(#1576),#1408,.T.);
#1576 = FACE_BOUND('',#1577,.T.);
#1577 = EDGE_LOOP('',(#1578,#1601,#1622,#1643));
#1578 = ORIENTED_EDGE('',*,*,#1579,.F.);
#1579 = EDGE_CURVE('',#1580,#1366,#1582,.T.);
#1580 = VERTEX_POINT('',#1581);
#1581 = CARTESIAN_POINT('',(-118.,-6.,168.));
#1582 = SURFACE_CURVE('',#1583,(#1587,#1594),.PCURVE_S1.);
#1583 = LINE('',#1584,#1585);
#1584 = CARTESIAN_POINT('',(-118.,-12.,168.));
#1585 = VECTOR('',#1586,1.);
#1586 = DIRECTION('',(0.,1.,0.));
#1587 = PCURVE('',#1408,#1588);
#1588 = DEFINITIONAL_REPRESENTATION('',(#1589),#1593);
#1589 = LINE('',#1590,#1591);
#1590 = CARTESIAN_POINT('',(336.,0.));
#1591 = VECTOR('',#1592,1.);
#1592 = DIRECTION('',(0.,-1.));
#1593 = ( GEOMETRIC_REPRESENTATION_CONTEXT(2) 
PARAMETRIC_REPRESENTATION_CONTEXT() REPRESENTATION_CONTEXT('2D SPACE',''
  ) );
#1594 = PCURVE('',#1382,#1595);
#1595 = DEFINITIONAL_REPRESENTATION('',(#1596),#1600);
#1596 = LINE('',#1597,#1598);
#1597 = CARTESIAN_POINT('',(0.,0.));
#1598 = VECTOR('',#1599,1.);
#1599 = DIRECTION('',(0.,1.));
#1600 = ( GEOMETRIC_REPRESENTATION_CONTEXT(2) 
PARAMETRIC_REPRESENTATION_CONTEXT() REPRESENTATION_CONTEXT('2D SPACE',''
  ) );
#1601 = ORIENTED_EDGE('',*,*,#1602,.T.);
#1602 = EDGE_CURVE('',#1580,#1603,#1605,.T.);
#1603 = VERTEX_POINT('',#1604);
#1604 = CARTESIAN_POINT('',(-118.,-6.,-168.));
#1605 = SURFACE_CURVE('',#1606,(#1610,#1616),.PCURVE_S1.);
#1606 = LINE('',#1607,#1608);
#1607 = CARTESIAN_POINT('',(-118.,-6.,-190.5));
#1608 = VECTOR('',#1609,1.);
#1609 = DIRECTION('',(0.,0.,-1.));
#1610 = PCURVE('',#1408,#1611);
#1611 = DEFINITIONAL_REPRESENTATION('',(#1612),#1615);
#1612 = B_SPLINE_CURVE_WITH_KNOTS('',1,(#1613,#1614),.UNSPECIFIED.,.F.,
  .F.,(2,2),(-358.5,-22.5),.PIECEWISE_BEZIER_KNOTS.);
#1613 = CARTESIAN_POINT('',(336.,-6.));
#1614 = CARTESIAN_POINT('',(0.,-6.));
#1615 = ( GEOMETRIC_REPRESENTATION_CONTEXT(2) 
PARAMETRIC_REPRESENTATION_CONTEXT() REPRESENTATION_CONTEXT('2D SPACE',''
  ) );
#1616 = PCURVE('',#1069,#1617);
#1617 = DEFINITIONAL_REPRESENTATION('',(#1618),#1621);
#1618 = B_SPLINE_CURVE_WITH_KNOTS('',1,(#1619,#1620),.UNSPECIFIED.,.F.,
  .F.,(2,2),(-358.5,-22.5),.PIECEWISE_BEZIER_KNOTS.);
#1619 = CARTESIAN_POINT('',(381.,45.));
#1620 = CARTESIAN_POINT('',(45.,45.));
#1621 = ( GEOMETRIC_REPRESENTATION_CONTEXT(2) 
PARAMETRIC_REPRESENTATION_CONTEXT() REPRESENTATION_CONTEXT('2D SPACE',''
  ) );
#1622 = ORIENTED_EDGE('',*,*,#1623,.T.);
#1623 = EDGE_CURVE('',#1603,#1394,#1624,.T.);
#1624 = SURFACE_CURVE('',#1625,(#1629,#1636),.PCURVE_S1.);
#1625 = LINE('',#1626,#1627);
#1626 = CARTESIAN_POINT('',(-118.,-12.,-168.));
#1627 = VECTOR('',#1628,1.);
#1628 = DIRECTION('',(0.,1.,0.));
#1629 = PCURVE('',#1408,#1630);
#1630 = DEFINITIONAL_REPRESENTATION('',(#1631),#1635);
#1631 = LINE('',#1632,#1633);
#1632 = CARTESIAN_POINT('',(0.,0.));
#1633 = VECTOR('',#1634,1.);
#1634 = DIRECTION('',(0.,-1.));
#1635 = ( GEOMETRIC_REPRESENTATION_CONTEXT(2) 
PARAMETRIC_REPRESENTATION_CONTEXT() REPRESENTATION_CONTEXT('2D SPACE',''
  ) );
#1636 = PCURVE('',#1434,#1637);
#1637 = DEFINITIONAL_REPRESENTATION('',(#1638),#1642);
#1638 = LINE('',#1639,#1640);
#1639 = CARTESIAN_POINT('',(0.,0.));
#1640 = VECTOR('',#1641,1.);
#1641 = DIRECTION('',(0.,1.));
#1642 = ( GEOMETRIC_REPRESENTATION_CONTEXT(2) 
PARAMETRIC_REPRESENTATION_CONTEXT() REPRESENTATION_CONTEXT('2D SPACE',''
  ) );
#1643 = ORIENTED_EDGE('',*,*,#1393,.F.);
#1644 = ADVANCED_FACE('',(#1645),#1434,.T.);
#1645 = FACE_BOUND('',#1646,.T.);
#1646 = EDGE_LOOP('',(#1647,#1648,#1669,#1690));
#1647 = ORIENTED_EDGE('',*,*,#1623,.F.);
#1648 = ORIENTED_EDGE('',*,*,#1649,.T.);
#1649 = EDGE_CURVE('',#1603,#1650,#1652,.T.);
#1650 = VERTEX_POINT('',#1651);
#1651 = CARTESIAN_POINT('',(118.,-6.,-168.));
#1652 = SURFACE_CURVE('',#1653,(#1657,#1663),.PCURVE_S1.);
#1653 = LINE('',#1654,#1655);
#1654 = CARTESIAN_POINT('',(-140.5,-6.,-168.));
#1655 = VECTOR('',#1656,1.);
#1656 = DIRECTION('',(1.,0.,0.));
#1657 = PCURVE('',#1434,#1658);
#1658 = DEFINITIONAL_REPRESENTATION('',(#1659),#1662);
#1659 = B_SPLINE_CURVE_WITH_KNOTS('',1,(#1660,#1661),.UNSPECIFIED.,.F.,
  .F.,(2,2),(22.5,258.5),.PIECEWISE_BEZIER_KNOTS.);
#1660 = CARTESIAN_POINT('',(0.,6.));
#1661 = CARTESIAN_POINT('',(236.,6.));
#1662 = ( GEOMETRIC_REPRESENTATION_CONTEXT(2) 
PARAMETRIC_REPRESENTATION_CONTEXT() REPRESENTATION_CONTEXT('2D SPACE',''
  ) );
#1663 = PCURVE('',#1069,#1664);
#1664 = DEFINITIONAL_REPRESENTATION('',(#1665),#1668);
#1665 = B_SPLINE_CURVE_WITH_KNOTS('',1,(#1666,#1667),.UNSPECIFIED.,.F.,
  .F.,(2,2),(22.5,258.5),.PIECEWISE_BEZIER_KNOTS.);
#1666 = CARTESIAN_POINT('',(45.,45.));
#1667 = CARTESIAN_POINT('',(45.,281.));
#1668 = ( GEOMETRIC_REPRESENTATION_CONTEXT(2) 
PARAMETRIC_REPRESENTATION_CONTEXT() REPRESENTATION_CONTEXT('2D SPACE',''
  ) );
#1669 = ORIENTED_EDGE('',*,*,#1670,.T.);
#1670 = EDGE_CURVE('',#1650,#1420,#1671,.T.);
#1671 = SURFACE_CURVE('',#1672,(#1676,#1683),.PCURVE_S1.);
#1672 = LINE('',#1673,#1674);
#1673 = CARTESIAN_POINT('',(118.,-12.,-168.));
#1674 = VECTOR('',#1675,1.);
#1675 = DIRECTION('',(0.,1.,0.));
#1676 = PCURVE('',#1434,#1677);
#1677 = DEFINITIONAL_REPRESENTATION('',(#1678),#1682);
#1678 = LINE('',#1679,#1680);
#1679 = CARTESIAN_POINT('',(236.,0.));
#1680 = VECTOR('',#1681,1.);
#1681 = DIRECTION('',(0.,1.));
#1682 = ( GEOMETRIC_REPRESENTATION_CONTEXT(2) 
PARAMETRIC_REPRESENTATION_CONTEXT() REPRESENTATION_CONTEXT('2D SPACE',''
  ) );
#1683 = PCURVE('',#1460,#1684);
#1684 = DEFINITIONAL_REPRESENTATION('',(#1685),#1689);
#1685 = LINE('',#1686,#1687);
#1686 = CARTESIAN_POINT('',(0.,0.));
#1687 = VECTOR('',#1688,1.);
#1688 = DIRECTION('',(0.,-1.));
#1689 = ( GEOMETRIC_REPRESENTATION_CONTEXT(2) 
PARAMETRIC_REPRESENTATION_CONTEXT() REPRESENTATION_CONTEXT('2D SPACE',''
  ) );
#1690 = ORIENTED_EDGE('',*,*,#1419,.F.);
#1691 = ADVANCED_FACE('',(#1692),#1460,.F.);
#1692 = FACE_BOUND('',#1693,.F.);
#1693 = EDGE_LOOP('',(#1694,#1738,#1757,#1758));
#1694 = ORIENTED_EDGE('',*,*,#1695,.F.);
#1695 = EDGE_CURVE('',#1696,#1446,#1698,.T.);
#1696 = VERTEX_POINT('',#1697);
#1697 = CARTESIAN_POINT('',(118.,-6.,-12.48999599679));
#1698 = SURFACE_CURVE('',#1699,(#1704,#1711),.PCURVE_S1.);
#1699 = CIRCLE('',#1700,17.320508075689);
#1700 = AXIS2_PLACEMENT_3D('',#1701,#1702,#1703);
#1701 = CARTESIAN_POINT('',(118.,6.,0.));
#1702 = DIRECTION('',(1.,0.,0.));
#1703 = DIRECTION('',(-0.,0.,1.));
#1704 = PCURVE('',#1460,#1705);
#1705 = DEFINITIONAL_REPRESENTATION('',(#1706),#1710);
#1706 = CIRCLE('',#1707,17.320508075689);
#1707 = AXIS2_PLACEMENT_2D('',#1708,#1709);
#1708 = CARTESIAN_POINT('',(168.,-18.));
#1709 = DIRECTION('',(1.,0.));
#1710 = ( GEOMETRIC_REPRESENTATION_CONTEXT(2) 
PARAMETRIC_REPRESENTATION_CONTEXT() REPRESENTATION_CONTEXT('2D SPACE',''
  ) );
#1711 = PCURVE('',#1488,#1712);
#1712 = DEFINITIONAL_REPRESENTATION('',(#1713),#1737);
#1713 = B_SPLINE_CURVE_WITH_KNOTS('',8,(#1714,#1715,#1716,#1717,#1718,
    #1719,#1720,#1721,#1722,#1723,#1724,#1725,#1726,#1727,#1728,#1729,
    #1730,#1731,#1732,#1733,#1734,#1735,#1736),.UNSPECIFIED.,.F.,.F.,(9,
    7,7,9),(2.376199827369,2.75889624048,2.950244447035,3.14159265359),
  .UNSPECIFIED.);
#1714 = CARTESIAN_POINT('',(4.017650704188,-0.674490928149));
#1715 = CARTESIAN_POINT('',(3.993163631095,-0.711240369171));
#1716 = CARTESIAN_POINT('',(3.965745650094,-0.747132780495));
#1717 = CARTESIAN_POINT('',(3.935031518206,-0.782014864181));
#1718 = CARTESIAN_POINT('',(3.900594084553,-0.815699867397));
#1719 = CARTESIAN_POINT('',(3.861948649072,-0.8479565729));
#1720 = CARTESIAN_POINT('',(3.818556405206,-0.878499212276));
#1721 = CARTESIAN_POINT('',(3.76989857052,-0.906966811605));
#1722 = CARTESIAN_POINT('',(3.688610477259,-0.945936614971));
#1723 = CARTESIAN_POINT('',(3.660130883818,-0.95830461944));
#1724 = CARTESIAN_POINT('',(3.630234035533,-0.96999910016));
#1725 = CARTESIAN_POINT('',(3.598901899299,-0.980965282386));
#1726 = CARTESIAN_POINT('',(3.566138272658,-0.991145838356));
#1727 = CARTESIAN_POINT('',(3.531978078468,-1.000482478914));
#1728 = CARTESIAN_POINT('',(3.496495227318,-1.008918440307));
#1729 = CARTESIAN_POINT('',(3.423113756658,-1.023885155139));
#1730 = CARTESIAN_POINT('',(3.385215105585,-1.030415905716));
#1731 = CARTESIAN_POINT('',(3.346223438251,-1.035942116082));
#1732 = CARTESIAN_POINT('',(3.306293697533,-1.040416621117));
#1733 = CARTESIAN_POINT('',(3.265624242952,-1.043800190171));
#1734 = CARTESIAN_POINT('',(3.224448832705,-1.046065093348));
#1735 = CARTESIAN_POINT('',(3.183020755551,-1.047197551197));
#1736 = CARTESIAN_POINT('',(3.14159265359,-1.047197551197));
#1737 = ( GEOMETRIC_REPRESENTATION_CONTEXT(2) 
PARAMETRIC_REPRESENTATION_CONTEXT() REPRESENTATION_CONTEXT('2D SPACE',''
  ) );
#1738 = ORIENTED_EDGE('',*,*,#1739,.T.);
#1739 = EDGE_CURVE('',#1696,#1650,#1740,.T.);
#1740 = SURFACE_CURVE('',#1741,(#1745,#1751),.PCURVE_S1.);
#1741 = LINE('',#1742,#1743);
#1742 = CARTESIAN_POINT('',(118.,-6.,-190.5));
#1743 = VECTOR('',#1744,1.);
#1744 = DIRECTION('',(0.,0.,-1.));
#1745 = PCURVE('',#1460,#1746);
#1746 = DEFINITIONAL_REPRESENTATION('',(#1747),#1750);
#1747 = B_SPLINE_CURVE_WITH_KNOTS('',1,(#1748,#1749),.UNSPECIFIED.,.F.,
  .F.,(2,2),(-358.5,-22.5),.PIECEWISE_BEZIER_KNOTS.);
#1748 = CARTESIAN_POINT('',(336.,-6.));
#1749 = CARTESIAN_POINT('',(0.,-6.));
#1750 = ( GEOMETRIC_REPRESENTATION_CONTEXT(2) 
PARAMETRIC_REPRESENTATION_CONTEXT() REPRESENTATION_CONTEXT('2D SPACE',''
  ) );
#1751 = PCURVE('',#1069,#1752);
#1752 = DEFINITIONAL_REPRESENTATION('',(#1753),#1756);
#1753 = B_SPLINE_CURVE_WITH_KNOTS('',1,(#1754,#1755),.UNSPECIFIED.,.F.,
  .F.,(2,2),(-358.5,-22.5),.PIECEWISE_BEZIER_KNOTS.);
#1754 = CARTESIAN_POINT('',(381.,281.));
#1755 = CARTESIAN_POINT('',(45.,281.));
#1756 = ( GEOMETRIC_REPRESENTATION_CONTEXT(2) 
PARAMETRIC_REPRESENTATION_CONTEXT() REPRESENTATION_CONTEXT('2D SPACE',''
  ) );
#1757 = ORIENTED_EDGE('',*,*,#1670,.T.);
#1758 = ORIENTED_EDGE('',*,*,#1445,.F.);
#1759 = ADVANCED_FACE('',(#1760),#1488,.F.);
#1760 = FACE_BOUND('',#1761,.F.);
#1761 = EDGE_LOOP('',(#1762,#1763,#1764,#1808,#1918,#1919));
#1762 = ORIENTED_EDGE('',*,*,#1500,.T.);
#1763 = ORIENTED_EDGE('',*,*,#1528,.F.);
#1764 = ORIENTED_EDGE('',*,*,#1765,.T.);
#1765 = EDGE_CURVE('',#1529,#1766,#1768,.T.);
#1766 = VERTEX_POINT('',#1767);
#1767 = CARTESIAN_POINT('',(118.,-6.,12.489995996797));
#1768 = SURFACE_CURVE('',#1769,(#1774,#1801),.PCURVE_S1.);
#1769 = CIRCLE('',#1770,17.320508075689);
#1770 = AXIS2_PLACEMENT_3D('',#1771,#1772,#1773);
#1771 = CARTESIAN_POINT('',(118.,6.,0.));
#1772 = DIRECTION('',(1.,0.,0.));
#1773 = DIRECTION('',(-0.,0.,1.));
#1774 = PCURVE('',#1488,#1775);
#1775 = DEFINITIONAL_REPRESENTATION('',(#1776),#1800);
#1776 = B_SPLINE_CURVE_WITH_KNOTS('',8,(#1777,#1778,#1779,#1780,#1781,
    #1782,#1783,#1784,#1785,#1786,#1787,#1788,#1789,#1790,#1791,#1792,
    #1793,#1794,#1795,#1796,#1797,#1798,#1799),.UNSPECIFIED.,.F.,.F.,(9,
    7,7,9),(0.,0.191348206555,0.478370516388,0.76539282622),
  .UNSPECIFIED.);
#1777 = CARTESIAN_POINT('',(3.14159265359,1.047197551197));
#1778 = CARTESIAN_POINT('',(3.183020755551,1.047197551197));
#1779 = CARTESIAN_POINT('',(3.224448832706,1.046065093348));
#1780 = CARTESIAN_POINT('',(3.265624242952,1.043800190171));
#1781 = CARTESIAN_POINT('',(3.306293697533,1.040416621117));
#1782 = CARTESIAN_POINT('',(3.346223438251,1.035942116082));
#1783 = CARTESIAN_POINT('',(3.385215105586,1.030415905716));
#1784 = CARTESIAN_POINT('',(3.423113756658,1.023885155139));
#1785 = CARTESIAN_POINT('',(3.514840594983,1.005176761599));
#1786 = CARTESIAN_POINT('',(3.567158943345,0.991808367016));
#1787 = CARTESIAN_POINT('',(3.616372339106,0.97647186156));
#1788 = CARTESIAN_POINT('',(3.662299478921,0.9593669482));
#1789 = CARTESIAN_POINT('',(3.704955134264,0.940692940489));
#1790 = CARTESIAN_POINT('',(3.744455400848,0.920631734371));
#1791 = CARTESIAN_POINT('',(3.780971530211,0.89934618271));
#1792 = CARTESIAN_POINT('',(3.848423734627,0.854612554579));
#1793 = CARTESIAN_POINT('',(3.879359804314,0.831164476247));
#1794 = CARTESIAN_POINT('',(3.907700077981,0.806778301526));
#1795 = CARTESIAN_POINT('',(3.933661732833,0.781577457096));
#1796 = CARTESIAN_POINT('',(3.957454781059,0.755666291013));
#1797 = CARTESIAN_POINT('',(3.979271465088,0.729133002203));
#1798 = CARTESIAN_POINT('',(3.999285399368,0.702053008916));
#1799 = CARTESIAN_POINT('',(4.017650704188,0.674490928149));
#1800 = ( GEOMETRIC_REPRESENTATION_CONTEXT(2) 
PARAMETRIC_REPRESENTATION_CONTEXT() REPRESENTATION_CONTEXT('2D SPACE',''
  ) );
#1801 = PCURVE('',#1565,#1802);
#1802 = DEFINITIONAL_REPRESENTATION('',(#1803),#1807);
#1803 = CIRCLE('',#1804,17.320508075689);
#1804 = AXIS2_PLACEMENT_2D('',#1805,#1806);
#1805 = CARTESIAN_POINT('',(168.,-18.));
#1806 = DIRECTION('',(1.,0.));
#1807 = ( GEOMETRIC_REPRESENTATION_CONTEXT(2) 
PARAMETRIC_REPRESENTATION_CONTEXT() REPRESENTATION_CONTEXT('2D SPACE',''
  ) );
#1808 = ORIENTED_EDGE('',*,*,#1809,.T.);
#1809 = EDGE_CURVE('',#1766,#1696,#1810,.T.);
#1810 = SURFACE_CURVE('',#1811,(#1816,#1911),.PCURVE_S1.);
#1811 = CIRCLE('',#1812,16.);
#1812 = AXIS2_PLACEMENT_3D('',#1813,#1814,#1815);
#1813 = CARTESIAN_POINT('',(128.,-6.,0.));
#1814 = DIRECTION('',(0.,1.,-0.));
#1815 = DIRECTION('',(-0.625,0.,0.7806247498));
#1816 = PCURVE('',#1488,#1817);
#1817 = DEFINITIONAL_REPRESENTATION('',(#1818),#1910);
#1818 = B_SPLINE_CURVE_WITH_KNOTS('',8,(#1819,#1820,#1821,#1822,#1823,
    #1824,#1825,#1826,#1827,#1828,#1829,#1830,#1831,#1832,#1833,#1834,
    #1835,#1836,#1837,#1838,#1839,#1840,#1841,#1842,#1843,#1844,#1845,
    #1846,#1847,#1848,#1849,#1850,#1851,#1852,#1853,#1854,#1855,#1856,
    #1857,#1858,#1859,#1860,#1861,#1862,#1863,#1864,#1865,#1866,#1867,
    #1868,#1869,#1870,#1871,#1872,#1873,#1874,#1875,#1876,#1877,#1878,
    #1879,#1880,#1881,#1882,#1883,#1884,#1885,#1886,#1887,#1888,#1889,
    #1890,#1891,#1892,#1893,#1894,#1895,#1896,#1897,#1898,#1899,#1900,
    #1901,#1902,#1903,#1904,#1905,#1906,#1907,#1908,#1909),
  .UNSPECIFIED.,.F.,.F.,(9,7,7,5,7,7,7,7,7,7,7,7,7,9),(0.,0.166420977475
    ,0.420776255206,0.675131532937,0.871481073786,1.251908309182,
    1.608558842365,2.277278592084,2.862408373088,3.374396931467,
    3.598391925758,3.808387232905,4.202128433806,4.491855719464),
  .UNSPECIFIED.);
#1819 = CARTESIAN_POINT('',(4.017650702622,0.674490927875));
#1820 = CARTESIAN_POINT('',(4.030428966187,0.687808442426));
#1821 = CARTESIAN_POINT('',(4.043761478988,0.700892574659));
#1822 = CARTESIAN_POINT('',(4.057667423123,0.713728200818));
#1823 = CARTESIAN_POINT('',(4.072165863097,0.726299184164));
#1824 = CARTESIAN_POINT('',(4.087275337905,0.738588330153));
#1825 = CARTESIAN_POINT('',(4.103013302384,0.750577364729));
#1826 = CARTESIAN_POINT('',(4.119395367412,0.762246955079));
#1827 = CARTESIAN_POINT('',(4.162476280131,0.790893177649));
#1828 = CARTESIAN_POINT('',(4.190052643431,0.807415937039));
#1829 = CARTESIAN_POINT('',(4.219208998911,0.823072619814));
#1830 = CARTESIAN_POINT('',(4.249975186913,0.83778560244));
#1831 = CARTESIAN_POINT('',(4.282358086336,0.851472779041));
#1832 = CARTESIAN_POINT('',(4.316329680718,0.864049660993));
#1833 = CARTESIAN_POINT('',(4.351816166369,0.875432981871));
#1834 = CARTESIAN_POINT('',(4.425571655685,0.895658798224));
#1835 = CARTESIAN_POINT('',(4.463840707917,0.904501289415));
#1836 = CARTESIAN_POINT('',(4.503377257796,0.911996495639));
#1837 = CARTESIAN_POINT('',(4.544008926355,0.918073859598));
#1838 = CARTESIAN_POINT('',(4.58550868421,0.92267404384));
#1839 = CARTESIAN_POINT('',(4.660099344313,0.928133024781));
#1840 = CARTESIAN_POINT('',(4.735623401034,0.928755524724));
#1841 = CARTESIAN_POINT('',(4.810426983365,0.92454140576));
#1842 = CARTESIAN_POINT('',(4.842741269905,0.921795092931));
#1843 = CARTESIAN_POINT('',(4.874651597763,0.918153277253));
#1844 = CARTESIAN_POINT('',(4.906040724465,0.91363754369));
#1845 = CARTESIAN_POINT('',(4.936807793523,0.908274932074));
#1846 = CARTESIAN_POINT('',(5.025115053421,0.890124991059));
#1847 = CARTESIAN_POINT('',(5.080713549482,0.875090270501));
#1848 = CARTESIAN_POINT('',(5.133061203522,0.857216277119));
#1849 = CARTESIAN_POINT('',(5.181800247057,0.836782515985));
#1850 = CARTESIAN_POINT('',(5.226853485801,0.81408357508));
#1851 = CARTESIAN_POINT('',(5.268300421476,0.789392263074));
#1852 = CARTESIAN_POINT('',(5.306305386441,0.762955257549));
#1853 = CARTESIAN_POINT('',(5.373666231952,0.708772641949));
#1854 = CARTESIAN_POINT('',(5.403414210598,0.681212089629));
#1855 = CARTESIAN_POINT('',(5.430484209965,0.652487701059));
#1856 = CARTESIAN_POINT('',(5.455074546673,0.622756366346));
#1857 = CARTESIAN_POINT('',(5.477381142852,0.592152307474));
#1858 = CARTESIAN_POINT('',(5.497584624243,0.560790251408));
#1859 = CARTESIAN_POINT('',(5.515847765825,0.528769494091));
#1860 = CARTESIAN_POINT('',(5.563187679821,0.435064165434));
#1861 = CARTESIAN_POINT('',(5.587743642112,0.371939666576));
#1862 = CARTESIAN_POINT('',(5.606926951976,0.307372096763));
#1863 = CARTESIAN_POINT('',(5.621442184456,0.241771886747));
#1864 = CARTESIAN_POINT('',(5.631746388332,0.175460837786));
#1865 = CARTESIAN_POINT('',(5.638126873659,0.108713334286));
#1866 = CARTESIAN_POINT('',(5.640706731642,4.178103313394E-02));
#1867 = CARTESIAN_POINT('',(5.638347088103,-8.358172864396E-02));
#1868 = CARTESIAN_POINT('',(5.634307178889,-0.142029107175));
#1869 = CARTESIAN_POINT('',(5.627302907662,-0.200249110458));
#1870 = CARTESIAN_POINT('',(5.61721396089,-0.2580666734));
#1871 = CARTESIAN_POINT('',(5.603821123972,-0.315289498965));
#1872 = CARTESIAN_POINT('',(5.586798907649,-0.371693902695));
#1873 = CARTESIAN_POINT('',(5.565680545231,-0.42700275314));
#1874 = CARTESIAN_POINT('',(5.51726319606,-0.527967932395));
#1875 = CARTESIAN_POINT('',(5.491066692905,-0.573966635278));
#1876 = CARTESIAN_POINT('',(5.46086189499,-0.618602243683));
#1877 = CARTESIAN_POINT('',(5.426156476478,-0.661578909576));
#1878 = CARTESIAN_POINT('',(5.386387199578,-0.702530451978));
#1879 = CARTESIAN_POINT('',(5.340917478276,-0.741003548108));
#1880 = CARTESIAN_POINT('',(5.289175753989,-0.776421492289));
#1881 = CARTESIAN_POINT('',(5.205554860573,-0.822022881884));
#1882 = CARTESIAN_POINT('',(5.178874389371,-0.835194276044));
#1883 = CARTESIAN_POINT('',(5.15094999236,-0.847604771506));
#1884 = CARTESIAN_POINT('',(5.121783405616,-0.859198475697));
#1885 = CARTESIAN_POINT('',(5.091396243067,-0.869918061498));
#1886 = CARTESIAN_POINT('',(5.059836231313,-0.879706505396));
#1887 = CARTESIAN_POINT('',(5.027181715988,-0.888509494637));
#1888 = CARTESIAN_POINT('',(4.962003461253,-0.903561522394));
#1889 = CARTESIAN_POINT('',(4.929599134387,-0.909935776981));
#1890 = CARTESIAN_POINT('',(4.896417706258,-0.915360959599));
#1891 = CARTESIAN_POINT('',(4.86257220671,-0.919801005481));
#1892 = CARTESIAN_POINT('',(4.82819861181,-0.923226331343));
#1893 = CARTESIAN_POINT('',(4.793451774585,-0.925615646721));
#1894 = CARTESIAN_POINT('',(4.758498009682,-0.92695711772));
#1895 = CARTESIAN_POINT('',(4.657891186304,-0.927795943392));
#1896 = CARTESIAN_POINT('',(4.592137981672,-0.924652544291));
#1897 = CARTESIAN_POINT('',(4.52734649933,-0.9178061825));
#1898 = CARTESIAN_POINT('',(4.464640046928,-0.90736349319));
#1899 = CARTESIAN_POINT('',(4.404940550694,-0.893559884596));
#1900 = CARTESIAN_POINT('',(4.348759573875,-0.87669628756));
#1901 = CARTESIAN_POINT('',(4.296345245135,-0.857085485474));
#1902 = CARTESIAN_POINT('',(4.211984879461,-0.818802383013));
#1903 = CARTESIAN_POINT('',(4.178289515606,-0.801250682672));
#1904 = CARTESIAN_POINT('',(4.146679728645,-0.782496574101));
#1905 = CARTESIAN_POINT('',(4.117117693343,-0.762657800393));
#1906 = CARTESIAN_POINT('',(4.089529616966,-0.741843678781));
#1907 = CARTESIAN_POINT('',(4.06382267956,-0.720153307255));
#1908 = CARTESIAN_POINT('',(4.039896770922,-0.697675789754));
#1909 = CARTESIAN_POINT('',(4.017650703727,-0.674490928162));
#1910 = ( GEOMETRIC_REPRESENTATION_CONTEXT(2) 
PARAMETRIC_REPRESENTATION_CONTEXT() REPRESENTATION_CONTEXT('2D SPACE',''
  ) );
#1911 = PCURVE('',#1069,#1912);
#1912 = DEFINITIONAL_REPRESENTATION('',(#1913),#1917);
#1913 = CIRCLE('',#1914,16.);
#1914 = AXIS2_PLACEMENT_2D('',#1915,#1916);
#1915 = CARTESIAN_POINT('',(213.,291.));
#1916 = DIRECTION('',(0.7806247498,-0.625));
#1917 = ( GEOMETRIC_REPRESENTATION_CONTEXT(2) 
PARAMETRIC_REPRESENTATION_CONTEXT() REPRESENTATION_CONTEXT('2D SPACE',''
  ) );
#1918 = ORIENTED_EDGE('',*,*,#1695,.T.);
#1919 = ORIENTED_EDGE('',*,*,#1471,.F.);
#1920 = ADVANCED_FACE('',(#1921),#1565,.F.);
#1921 = FACE_BOUND('',#1922,.F.);
#1922 = EDGE_LOOP('',(#1923,#1946,#1965,#1966));
#1923 = ORIENTED_EDGE('',*,*,#1924,.F.);
#1924 = EDGE_CURVE('',#1925,#1368,#1927,.T.);
#1925 = VERTEX_POINT('',#1926);
#1926 = CARTESIAN_POINT('',(118.,-6.,168.));
#1927 = SURFACE_CURVE('',#1928,(#1932,#1939),.PCURVE_S1.);
#1928 = LINE('',#1929,#1930);
#1929 = CARTESIAN_POINT('',(118.,-12.,168.));
#1930 = VECTOR('',#1931,1.);
#1931 = DIRECTION('',(0.,1.,0.));
#1932 = PCURVE('',#1565,#1933);
#1933 = DEFINITIONAL_REPRESENTATION('',(#1934),#1938);
#1934 = LINE('',#1935,#1936);
#1935 = CARTESIAN_POINT('',(336.,0.));
#1936 = VECTOR('',#1937,1.);
#1937 = DIRECTION('',(0.,-1.));
#1938 = ( GEOMETRIC_REPRESENTATION_CONTEXT(2) 
PARAMETRIC_REPRESENTATION_CONTEXT() REPRESENTATION_CONTEXT('2D SPACE',''
  ) );
#1939 = PCURVE('',#1382,#1940);
#1940 = DEFINITIONAL_REPRESENTATION('',(#1941),#1945);
#1941 = LINE('',#1942,#1943);
#1942 = CARTESIAN_POINT('',(236.,0.));
#1943 = VECTOR('',#1944,1.);
#1944 = DIRECTION('',(0.,1.));
#1945 = ( GEOMETRIC_REPRESENTATION_CONTEXT(2) 
PARAMETRIC_REPRESENTATION_CONTEXT() REPRESENTATION_CONTEXT('2D SPACE',''
  ) );
#1946 = ORIENTED_EDGE('',*,*,#1947,.T.);
#1947 = EDGE_CURVE('',#1925,#1766,#1948,.T.);
#1948 = SURFACE_CURVE('',#1949,(#1953,#1959),.PCURVE_S1.);
#1949 = LINE('',#1950,#1951);
#1950 = CARTESIAN_POINT('',(118.,-6.,-190.5));
#1951 = VECTOR('',#1952,1.);
#1952 = DIRECTION('',(0.,0.,-1.));
#1953 = PCURVE('',#1565,#1954);
#1954 = DEFINITIONAL_REPRESENTATION('',(#1955),#1958);
#1955 = B_SPLINE_CURVE_WITH_KNOTS('',1,(#1956,#1957),.UNSPECIFIED.,.F.,
  .F.,(2,2),(-358.5,-22.5),.PIECEWISE_BEZIER_KNOTS.);
#1956 = CARTESIAN_POINT('',(336.,-6.));
#1957 = CARTESIAN_POINT('',(0.,-6.));
#1958 = ( GEOMETRIC_REPRESENTATION_CONTEXT(2) 
PARAMETRIC_REPRESENTATION_CONTEXT() REPRESENTATION_CONTEXT('2D SPACE',''
  ) );
#1959 = PCURVE('',#1069,#1960);
#1960 = DEFINITIONAL_REPRESENTATION('',(#1961),#1964);
#1961 = B_SPLINE_CURVE_WITH_KNOTS('',1,(#1962,#1963),.UNSPECIFIED.,.F.,
  .F.,(2,2),(-358.5,-22.5),.PIECEWISE_BEZIER_KNOTS.);
#1962 = CARTESIAN_POINT('',(381.,281.));
#1963 = CARTESIAN_POINT('',(45.,281.));
#1964 = ( GEOMETRIC_REPRESENTATION_CONTEXT(2) 
PARAMETRIC_REPRESENTATION_CONTEXT() REPRESENTATION_CONTEXT('2D SPACE',''
  ) );
#1965 = ORIENTED_EDGE('',*,*,#1765,.F.);
#1966 = ORIENTED_EDGE('',*,*,#1552,.F.);
#1967 = ADVANCED_FACE('',(#1968),#1382,.F.);
#1968 = FACE_BOUND('',#1969,.F.);
#1969 = EDGE_LOOP('',(#1970,#1971,#1990,#1991));
#1970 = ORIENTED_EDGE('',*,*,#1579,.F.);
#1971 = ORIENTED_EDGE('',*,*,#1972,.T.);
#1972 = EDGE_CURVE('',#1580,#1925,#1973,.T.);
#1973 = SURFACE_CURVE('',#1974,(#1978,#1984),.PCURVE_S1.);
#1974 = LINE('',#1975,#1976);
#1975 = CARTESIAN_POINT('',(-140.5,-6.,168.));
#1976 = VECTOR('',#1977,1.);
#1977 = DIRECTION('',(1.,0.,0.));
#1978 = PCURVE('',#1382,#1979);
#1979 = DEFINITIONAL_REPRESENTATION('',(#1980),#1983);
#1980 = B_SPLINE_CURVE_WITH_KNOTS('',1,(#1981,#1982),.UNSPECIFIED.,.F.,
  .F.,(2,2),(22.5,258.5),.PIECEWISE_BEZIER_KNOTS.);
#1981 = CARTESIAN_POINT('',(0.,6.));
#1982 = CARTESIAN_POINT('',(236.,6.));
#1983 = ( GEOMETRIC_REPRESENTATION_CONTEXT(2) 
PARAMETRIC_REPRESENTATION_CONTEXT() REPRESENTATION_CONTEXT('2D SPACE',''
  ) );
#1984 = PCURVE('',#1069,#1985);
#1985 = DEFINITIONAL_REPRESENTATION('',(#1986),#1989);
#1986 = B_SPLINE_CURVE_WITH_KNOTS('',1,(#1987,#1988),.UNSPECIFIED.,.F.,
  .F.,(2,2),(22.5,258.5),.PIECEWISE_BEZIER_KNOTS.);
#1987 = CARTESIAN_POINT('',(381.,45.));
#1988 = CARTESIAN_POINT('',(381.,281.));
#1989 = ( GEOMETRIC_REPRESENTATION_CONTEXT(2) 
PARAMETRIC_REPRESENTATION_CONTEXT() REPRESENTATION_CONTEXT('2D SPACE',''
  ) );
#1990 = ORIENTED_EDGE('',*,*,#1924,.T.);
#1991 = ORIENTED_EDGE('',*,*,#1365,.F.);
#1992 = ADVANCED_FACE('',(#1993),#1263,.T.);
#1993 = FACE_BOUND('',#1994,.T.);
#1994 = EDGE_LOOP('',(#1995,#1996,#2019,#2042));
#1995 = ORIENTED_EDGE('',*,*,#1247,.F.);
#1996 = ORIENTED_EDGE('',*,*,#1997,.F.);
#1997 = EDGE_CURVE('',#1998,#1224,#2000,.T.);
#1998 = VERTEX_POINT('',#1999);
#1999 = CARTESIAN_POINT('',(-159.4,-6.,213.));
#2000 = SURFACE_CURVE('',#2001,(#2005,#2012),.PCURVE_S1.);
#2001 = LINE('',#2002,#2003);
#2002 = CARTESIAN_POINT('',(-159.4,-6.,213.));
#2003 = VECTOR('',#2004,1.);
#2004 = DIRECTION('',(0.,1.,0.));
#2005 = PCURVE('',#1263,#2006);
#2006 = DEFINITIONAL_REPRESENTATION('',(#2007),#2011);
#2007 = LINE('',#2008,#2009);
#2008 = CARTESIAN_POINT('',(3.6,0.));
#2009 = VECTOR('',#2010,1.);
#2010 = DIRECTION('',(0.,1.));
#2011 = ( GEOMETRIC_REPRESENTATION_CONTEXT(2) 
PARAMETRIC_REPRESENTATION_CONTEXT() REPRESENTATION_CONTEXT('2D SPACE',''
  ) );
#2012 = PCURVE('',#1151,#2013);
#2013 = DEFINITIONAL_REPRESENTATION('',(#2014),#2018);
#2014 = LINE('',#2015,#2016);
#2015 = CARTESIAN_POINT('',(1.570796326795,0.));
#2016 = VECTOR('',#2017,1.);
#2017 = DIRECTION('',(0.,1.));
#2018 = ( GEOMETRIC_REPRESENTATION_CONTEXT(2) 
PARAMETRIC_REPRESENTATION_CONTEXT() REPRESENTATION_CONTEXT('2D SPACE',''
  ) );
#2019 = ORIENTED_EDGE('',*,*,#2020,.T.);
#2020 = EDGE_CURVE('',#1998,#2021,#2023,.T.);
#2021 = VERTEX_POINT('',#2022);
#2022 = CARTESIAN_POINT('',(159.4,-6.,213.));
#2023 = SURFACE_CURVE('',#2024,(#2028,#2035),.PCURVE_S1.);
#2024 = LINE('',#2025,#2026);
#2025 = CARTESIAN_POINT('',(-163.,-6.,213.));
#2026 = VECTOR('',#2027,1.);
#2027 = DIRECTION('',(1.,0.,0.));
#2028 = PCURVE('',#1263,#2029);
#2029 = DEFINITIONAL_REPRESENTATION('',(#2030),#2034);
#2030 = LINE('',#2031,#2032);
#2031 = CARTESIAN_POINT('',(0.,0.));
#2032 = VECTOR('',#2033,1.);
#2033 = DIRECTION('',(1.,0.));
#2034 = ( GEOMETRIC_REPRESENTATION_CONTEXT(2) 
PARAMETRIC_REPRESENTATION_CONTEXT() REPRESENTATION_CONTEXT('2D SPACE',''
  ) );
#2035 = PCURVE('',#1069,#2036);
#2036 = DEFINITIONAL_REPRESENTATION('',(#2037),#2041);
#2037 = LINE('',#2038,#2039);
#2038 = CARTESIAN_POINT('',(426.,0.));
#2039 = VECTOR('',#2040,1.);
#2040 = DIRECTION('',(0.,1.));
#2041 = ( GEOMETRIC_REPRESENTATION_CONTEXT(2) 
PARAMETRIC_REPRESENTATION_CONTEXT() REPRESENTATION_CONTEXT('2D SPACE',''
  ) );
#2042 = ORIENTED_EDGE('',*,*,#2043,.T.);
#2043 = EDGE_CURVE('',#2021,#1248,#2044,.T.);
#2044 = SURFACE_CURVE('',#2045,(#2049,#2056),.PCURVE_S1.);
#2045 = LINE('',#2046,#2047);
#2046 = CARTESIAN_POINT('',(159.4,-6.,213.));
#2047 = VECTOR('',#2048,1.);
#2048 = DIRECTION('',(0.,1.,0.));
#2049 = PCURVE('',#1263,#2050);
#2050 = DEFINITIONAL_REPRESENTATION('',(#2051),#2055);
#2051 = LINE('',#2052,#2053);
#2052 = CARTESIAN_POINT('',(322.4,0.));
#2053 = VECTOR('',#2054,1.);
#2054 = DIRECTION('',(0.,1.));
#2055 = ( GEOMETRIC_REPRESENTATION_CONTEXT(2) 
PARAMETRIC_REPRESENTATION_CONTEXT() REPRESENTATION_CONTEXT('2D SPACE',''
  ) );
#2056 = PCURVE('',#1296,#2057);
#2057 = DEFINITIONAL_REPRESENTATION('',(#2058),#2062);
#2058 = LINE('',#2059,#2060);
#2059 = CARTESIAN_POINT('',(-1.570796326795,0.));
#2060 = VECTOR('',#2061,1.);
#2061 = DIRECTION('',(-0.,1.));
#2062 = ( GEOMETRIC_REPRESENTATION_CONTEXT(2) 
PARAMETRIC_REPRESENTATION_CONTEXT() REPRESENTATION_CONTEXT('2D SPACE',''
  ) );
#2063 = ADVANCED_FACE('',(#2064),#1296,.T.);
#2064 = FACE_BOUND('',#2065,.F.);
#2065 = EDGE_LOOP('',(#2066,#2094,#2095,#2096));
#2066 = ORIENTED_EDGE('',*,*,#2067,.T.);
#2067 = EDGE_CURVE('',#2068,#2021,#2070,.T.);
#2068 = VERTEX_POINT('',#2069);
#2069 = CARTESIAN_POINT('',(163.,-6.,209.4));
#2070 = SURFACE_CURVE('',#2071,(#2076,#2083),.PCURVE_S1.);
#2071 = CIRCLE('',#2072,3.6);
#2072 = AXIS2_PLACEMENT_3D('',#2073,#2074,#2075);
#2073 = CARTESIAN_POINT('',(159.4,-6.,209.4));
#2074 = DIRECTION('',(-0.,-1.,0.));
#2075 = DIRECTION('',(0.,-0.,1.));
#2076 = PCURVE('',#1296,#2077);
#2077 = DEFINITIONAL_REPRESENTATION('',(#2078),#2082);
#2078 = LINE('',#2079,#2080);
#2079 = CARTESIAN_POINT('',(4.712388980385,-0.));
#2080 = VECTOR('',#2081,1.);
#2081 = DIRECTION('',(-1.,0.));
#2082 = ( GEOMETRIC_REPRESENTATION_CONTEXT(2) 
PARAMETRIC_REPRESENTATION_CONTEXT() REPRESENTATION_CONTEXT('2D SPACE',''
  ) );
#2083 = PCURVE('',#1069,#2084);
#2084 = DEFINITIONAL_REPRESENTATION('',(#2085),#2093);
#2085 = ( BOUNDED_CURVE() B_SPLINE_CURVE(2,(#2086,#2087,#2088,#2089,
#2090,#2091,#2092),.UNSPECIFIED.,.T.,.F.) B_SPLINE_CURVE_WITH_KNOTS((1,2
    ,2,2,2,1),(-2.094395102393,0.,2.094395102393,4.188790204786,
6.28318530718,8.377580409573),.UNSPECIFIED.) CURVE() 
GEOMETRIC_REPRESENTATION_ITEM() RATIONAL_B_SPLINE_CURVE((1.,0.5,1.,0.5,
1.,0.5,1.)) REPRESENTATION_ITEM('') );
#2086 = CARTESIAN_POINT('',(426.,322.4));
#2087 = CARTESIAN_POINT('',(426.,316.16461709275));
#2088 = CARTESIAN_POINT('',(420.6,319.28230854637));
#2089 = CARTESIAN_POINT('',(415.2,322.4));
#2090 = CARTESIAN_POINT('',(420.6,325.51769145362));
#2091 = CARTESIAN_POINT('',(426.,328.63538290724));
#2092 = CARTESIAN_POINT('',(426.,322.4));
#2093 = ( GEOMETRIC_REPRESENTATION_CONTEXT(2) 
PARAMETRIC_REPRESENTATION_CONTEXT() REPRESENTATION_CONTEXT('2D SPACE',''
  ) );
#2094 = ORIENTED_EDGE('',*,*,#2043,.T.);
#2095 = ORIENTED_EDGE('',*,*,#1275,.F.);
#2096 = ORIENTED_EDGE('',*,*,#2097,.F.);
#2097 = EDGE_CURVE('',#2068,#1276,#2098,.T.);
#2098 = SURFACE_CURVE('',#2099,(#2103,#2110),.PCURVE_S1.);
#2099 = LINE('',#2100,#2101);
#2100 = CARTESIAN_POINT('',(163.,-6.,209.4));
#2101 = VECTOR('',#2102,1.);
#2102 = DIRECTION('',(0.,1.,0.));
#2103 = PCURVE('',#1296,#2104);
#2104 = DEFINITIONAL_REPRESENTATION('',(#2105),#2109);
#2105 = LINE('',#2106,#2107);
#2106 = CARTESIAN_POINT('',(-0.,0.));
#2107 = VECTOR('',#2108,1.);
#2108 = DIRECTION('',(-0.,1.));
#2109 = ( GEOMETRIC_REPRESENTATION_CONTEXT(2) 
PARAMETRIC_REPRESENTATION_CONTEXT() REPRESENTATION_CONTEXT('2D SPACE',''
  ) );
#2110 = PCURVE('',#1324,#2111);
#2111 = DEFINITIONAL_REPRESENTATION('',(#2112),#2116);
#2112 = LINE('',#2113,#2114);
#2113 = CARTESIAN_POINT('',(422.4,0.));
#2114 = VECTOR('',#2115,1.);
#2115 = DIRECTION('',(0.,-1.));
#2116 = ( GEOMETRIC_REPRESENTATION_CONTEXT(2) 
PARAMETRIC_REPRESENTATION_CONTEXT() REPRESENTATION_CONTEXT('2D SPACE',''
  ) );
#2117 = ADVANCED_FACE('',(#2118),#1324,.T.);
#2118 = FACE_BOUND('',#2119,.T.);
#2119 = EDGE_LOOP('',(#2120,#2143,#2164,#2165));
#2120 = ORIENTED_EDGE('',*,*,#2121,.F.);
#2121 = EDGE_CURVE('',#2122,#2068,#2124,.T.);
#2122 = VERTEX_POINT('',#2123);
#2123 = CARTESIAN_POINT('',(163.,-6.,-209.4));
#2124 = SURFACE_CURVE('',#2125,(#2129,#2136),.PCURVE_S1.);
#2125 = LINE('',#2126,#2127);
#2126 = CARTESIAN_POINT('',(163.,-6.,-213.));
#2127 = VECTOR('',#2128,1.);
#2128 = DIRECTION('',(0.,0.,1.));
#2129 = PCURVE('',#1324,#2130);
#2130 = DEFINITIONAL_REPRESENTATION('',(#2131),#2135);
#2131 = LINE('',#2132,#2133);
#2132 = CARTESIAN_POINT('',(0.,0.));
#2133 = VECTOR('',#2134,1.);
#2134 = DIRECTION('',(1.,0.));
#2135 = ( GEOMETRIC_REPRESENTATION_CONTEXT(2) 
PARAMETRIC_REPRESENTATION_CONTEXT() REPRESENTATION_CONTEXT('2D SPACE',''
  ) );
#2136 = PCURVE('',#1069,#2137);
#2137 = DEFINITIONAL_REPRESENTATION('',(#2138),#2142);
#2138 = LINE('',#2139,#2140);
#2139 = CARTESIAN_POINT('',(0.,326.));
#2140 = VECTOR('',#2141,1.);
#2141 = DIRECTION('',(1.,0.));
#2142 = ( GEOMETRIC_REPRESENTATION_CONTEXT(2) 
PARAMETRIC_REPRESENTATION_CONTEXT() REPRESENTATION_CONTEXT('2D SPACE',''
  ) );
#2143 = ORIENTED_EDGE('',*,*,#2144,.T.);
#2144 = EDGE_CURVE('',#2122,#1309,#2145,.T.);
#2145 = SURFACE_CURVE('',#2146,(#2150,#2157),.PCURVE_S1.);
#2146 = LINE('',#2147,#2148);
#2147 = CARTESIAN_POINT('',(163.,-6.,-209.4));
#2148 = VECTOR('',#2149,1.);
#2149 = DIRECTION('',(0.,1.,0.));
#2150 = PCURVE('',#1324,#2151);
#2151 = DEFINITIONAL_REPRESENTATION('',(#2152),#2156);
#2152 = LINE('',#2153,#2154);
#2153 = CARTESIAN_POINT('',(3.6,0.));
#2154 = VECTOR('',#2155,1.);
#2155 = DIRECTION('',(0.,-1.));
#2156 = ( GEOMETRIC_REPRESENTATION_CONTEXT(2) 
PARAMETRIC_REPRESENTATION_CONTEXT() REPRESENTATION_CONTEXT('2D SPACE',''
  ) );
#2157 = PCURVE('',#1351,#2158);
#2158 = DEFINITIONAL_REPRESENTATION('',(#2159),#2163);
#2159 = LINE('',#2160,#2161);
#2160 = CARTESIAN_POINT('',(0.,0.));
#2161 = VECTOR('',#2162,1.);
#2162 = DIRECTION('',(0.,1.));
#2163 = ( GEOMETRIC_REPRESENTATION_CONTEXT(2) 
PARAMETRIC_REPRESENTATION_CONTEXT() REPRESENTATION_CONTEXT('2D SPACE',''
  ) );
#2164 = ORIENTED_EDGE('',*,*,#1308,.T.);
#2165 = ORIENTED_EDGE('',*,*,#2097,.F.);
#2166 = ADVANCED_FACE('',(#2167),#1351,.T.);
#2167 = FACE_BOUND('',#2168,.T.);
#2168 = EDGE_LOOP('',(#2169,#2193,#2214,#2215));
#2169 = ORIENTED_EDGE('',*,*,#2170,.T.);
#2170 = EDGE_CURVE('',#2122,#2171,#2173,.T.);
#2171 = VERTEX_POINT('',#2172);
#2172 = CARTESIAN_POINT('',(159.4,-6.,-213.));
#2173 = SURFACE_CURVE('',#2174,(#2179,#2186),.PCURVE_S1.);
#2174 = CIRCLE('',#2175,3.6);
#2175 = AXIS2_PLACEMENT_3D('',#2176,#2177,#2178);
#2176 = CARTESIAN_POINT('',(159.4,-6.,-209.4));
#2177 = DIRECTION('',(0.,1.,0.));
#2178 = DIRECTION('',(0.,-0.,1.));
#2179 = PCURVE('',#1351,#2180);
#2180 = DEFINITIONAL_REPRESENTATION('',(#2181),#2185);
#2181 = LINE('',#2182,#2183);
#2182 = CARTESIAN_POINT('',(-1.570796326795,0.));
#2183 = VECTOR('',#2184,1.);
#2184 = DIRECTION('',(1.,0.));
#2185 = ( GEOMETRIC_REPRESENTATION_CONTEXT(2) 
PARAMETRIC_REPRESENTATION_CONTEXT() REPRESENTATION_CONTEXT('2D SPACE',''
  ) );
#2186 = PCURVE('',#1069,#2187);
#2187 = DEFINITIONAL_REPRESENTATION('',(#2188),#2192);
#2188 = CIRCLE('',#2189,3.6);
#2189 = AXIS2_PLACEMENT_2D('',#2190,#2191);
#2190 = CARTESIAN_POINT('',(3.6,322.4));
#2191 = DIRECTION('',(1.,0.));
#2192 = ( GEOMETRIC_REPRESENTATION_CONTEXT(2) 
PARAMETRIC_REPRESENTATION_CONTEXT() REPRESENTATION_CONTEXT('2D SPACE',''
  ) );
#2193 = ORIENTED_EDGE('',*,*,#2194,.T.);
#2194 = EDGE_CURVE('',#2171,#1169,#2195,.T.);
#2195 = SURFACE_CURVE('',#2196,(#2200,#2207),.PCURVE_S1.);
#2196 = LINE('',#2197,#2198);
#2197 = CARTESIAN_POINT('',(159.4,-6.,-213.));
#2198 = VECTOR('',#2199,1.);
#2199 = DIRECTION('',(0.,1.,0.));
#2200 = PCURVE('',#1351,#2201);
#2201 = DEFINITIONAL_REPRESENTATION('',(#2202),#2206);
#2202 = LINE('',#2203,#2204);
#2203 = CARTESIAN_POINT('',(1.570796326795,0.));
#2204 = VECTOR('',#2205,1.);
#2205 = DIRECTION('',(0.,1.));
#2206 = ( GEOMETRIC_REPRESENTATION_CONTEXT(2) 
PARAMETRIC_REPRESENTATION_CONTEXT() REPRESENTATION_CONTEXT('2D SPACE',''
  ) );
#2207 = PCURVE('',#1184,#2208);
#2208 = DEFINITIONAL_REPRESENTATION('',(#2209),#2213);
#2209 = LINE('',#2210,#2211);
#2210 = CARTESIAN_POINT('',(322.4,0.));
#2211 = VECTOR('',#2212,1.);
#2212 = DIRECTION('',(0.,1.));
#2213 = ( GEOMETRIC_REPRESENTATION_CONTEXT(2) 
PARAMETRIC_REPRESENTATION_CONTEXT() REPRESENTATION_CONTEXT('2D SPACE',''
  ) );
#2214 = ORIENTED_EDGE('',*,*,#1336,.F.);
#2215 = ORIENTED_EDGE('',*,*,#2144,.F.);
#2216 = ADVANCED_FACE('',(#2217),#1184,.F.);
#2217 = FACE_BOUND('',#2218,.F.);
#2218 = EDGE_LOOP('',(#2219,#2220,#2243,#2264));
#2219 = ORIENTED_EDGE('',*,*,#1166,.F.);
#2220 = ORIENTED_EDGE('',*,*,#2221,.F.);
#2221 = EDGE_CURVE('',#2222,#1167,#2224,.T.);
#2222 = VERTEX_POINT('',#2223);
#2223 = CARTESIAN_POINT('',(-159.4,-6.,-213.));
#2224 = SURFACE_CURVE('',#2225,(#2229,#2236),.PCURVE_S1.);
#2225 = LINE('',#2226,#2227);
#2226 = CARTESIAN_POINT('',(-159.4,-6.,-213.));
#2227 = VECTOR('',#2228,1.);
#2228 = DIRECTION('',(0.,1.,0.));
#2229 = PCURVE('',#1184,#2230);
#2230 = DEFINITIONAL_REPRESENTATION('',(#2231),#2235);
#2231 = LINE('',#2232,#2233);
#2232 = CARTESIAN_POINT('',(3.6,0.));
#2233 = VECTOR('',#2234,1.);
#2234 = DIRECTION('',(0.,1.));
#2235 = ( GEOMETRIC_REPRESENTATION_CONTEXT(2) 
PARAMETRIC_REPRESENTATION_CONTEXT() REPRESENTATION_CONTEXT('2D SPACE',''
  ) );
#2236 = PCURVE('',#1097,#2237);
#2237 = DEFINITIONAL_REPRESENTATION('',(#2238),#2242);
#2238 = LINE('',#2239,#2240);
#2239 = CARTESIAN_POINT('',(-1.570796326795,0.));
#2240 = VECTOR('',#2241,1.);
#2241 = DIRECTION('',(-0.,1.));
#2242 = ( GEOMETRIC_REPRESENTATION_CONTEXT(2) 
PARAMETRIC_REPRESENTATION_CONTEXT() REPRESENTATION_CONTEXT('2D SPACE',''
  ) );
#2243 = ORIENTED_EDGE('',*,*,#2244,.T.);
#2244 = EDGE_CURVE('',#2222,#2171,#2245,.T.);
#2245 = SURFACE_CURVE('',#2246,(#2250,#2257),.PCURVE_S1.);
#2246 = LINE('',#2247,#2248);
#2247 = CARTESIAN_POINT('',(-163.,-6.,-213.));
#2248 = VECTOR('',#2249,1.);
#2249 = DIRECTION('',(1.,0.,0.));
#2250 = PCURVE('',#1184,#2251);
#2251 = DEFINITIONAL_REPRESENTATION('',(#2252),#2256);
#2252 = LINE('',#2253,#2254);
#2253 = CARTESIAN_POINT('',(0.,0.));
#2254 = VECTOR('',#2255,1.);
#2255 = DIRECTION('',(1.,0.));
#2256 = ( GEOMETRIC_REPRESENTATION_CONTEXT(2) 
PARAMETRIC_REPRESENTATION_CONTEXT() REPRESENTATION_CONTEXT('2D SPACE',''
  ) );
#2257 = PCURVE('',#1069,#2258);
#2258 = DEFINITIONAL_REPRESENTATION('',(#2259),#2263);
#2259 = LINE('',#2260,#2261);
#2260 = CARTESIAN_POINT('',(0.,0.));
#2261 = VECTOR('',#2262,1.);
#2262 = DIRECTION('',(0.,1.));
#2263 = ( GEOMETRIC_REPRESENTATION_CONTEXT(2) 
PARAMETRIC_REPRESENTATION_CONTEXT() REPRESENTATION_CONTEXT('2D SPACE',''
  ) );
#2264 = ORIENTED_EDGE('',*,*,#2194,.T.);
#2265 = ADVANCED_FACE('',(#2266),#1151,.T.);
#2266 = FACE_BOUND('',#2267,.T.);
#2267 = EDGE_LOOP('',(#2268,#2290,#2291,#2292));
#2268 = ORIENTED_EDGE('',*,*,#2269,.T.);
#2269 = EDGE_CURVE('',#1049,#1998,#2270,.T.);
#2270 = SURFACE_CURVE('',#2271,(#2276,#2283),.PCURVE_S1.);
#2271 = CIRCLE('',#2272,3.6);
#2272 = AXIS2_PLACEMENT_3D('',#2273,#2274,#2275);
#2273 = CARTESIAN_POINT('',(-159.4,-6.,209.4));
#2274 = DIRECTION('',(0.,1.,0.));
#2275 = DIRECTION('',(0.,-0.,1.));
#2276 = PCURVE('',#1151,#2277);
#2277 = DEFINITIONAL_REPRESENTATION('',(#2278),#2282);
#2278 = LINE('',#2279,#2280);
#2279 = CARTESIAN_POINT('',(-4.712388980385,0.));
#2280 = VECTOR('',#2281,1.);
#2281 = DIRECTION('',(1.,0.));
#2282 = ( GEOMETRIC_REPRESENTATION_CONTEXT(2) 
PARAMETRIC_REPRESENTATION_CONTEXT() REPRESENTATION_CONTEXT('2D SPACE',''
  ) );
#2283 = PCURVE('',#1069,#2284);
#2284 = DEFINITIONAL_REPRESENTATION('',(#2285),#2289);
#2285 = CIRCLE('',#2286,3.6);
#2286 = AXIS2_PLACEMENT_2D('',#2287,#2288);
#2287 = CARTESIAN_POINT('',(422.4,3.6));
#2288 = DIRECTION('',(1.,0.));
#2289 = ( GEOMETRIC_REPRESENTATION_CONTEXT(2) 
PARAMETRIC_REPRESENTATION_CONTEXT() REPRESENTATION_CONTEXT('2D SPACE',''
  ) );
#2290 = ORIENTED_EDGE('',*,*,#1997,.T.);
#2291 = ORIENTED_EDGE('',*,*,#1223,.F.);
#2292 = ORIENTED_EDGE('',*,*,#1137,.F.);
#2293 = ADVANCED_FACE('',(#2294),#1097,.T.);
#2294 = FACE_BOUND('',#2295,.F.);
#2295 = EDGE_LOOP('',(#2296,#2322,#2323,#2324));
#2296 = ORIENTED_EDGE('',*,*,#2297,.T.);
#2297 = EDGE_CURVE('',#1047,#2222,#2298,.T.);
#2298 = SURFACE_CURVE('',#2299,(#2304,#2311),.PCURVE_S1.);
#2299 = CIRCLE('',#2300,3.6);
#2300 = AXIS2_PLACEMENT_3D('',#2301,#2302,#2303);
#2301 = CARTESIAN_POINT('',(-159.4,-6.,-209.4));
#2302 = DIRECTION('',(-0.,-1.,0.));
#2303 = DIRECTION('',(0.,-0.,1.));
#2304 = PCURVE('',#1097,#2305);
#2305 = DEFINITIONAL_REPRESENTATION('',(#2306),#2310);
#2306 = LINE('',#2307,#2308);
#2307 = CARTESIAN_POINT('',(1.570796326795,-0.));
#2308 = VECTOR('',#2309,1.);
#2309 = DIRECTION('',(-1.,0.));
#2310 = ( GEOMETRIC_REPRESENTATION_CONTEXT(2) 
PARAMETRIC_REPRESENTATION_CONTEXT() REPRESENTATION_CONTEXT('2D SPACE',''
  ) );
#2311 = PCURVE('',#1069,#2312);
#2312 = DEFINITIONAL_REPRESENTATION('',(#2313),#2321);
#2313 = ( BOUNDED_CURVE() B_SPLINE_CURVE(2,(#2314,#2315,#2316,#2317,
#2318,#2319,#2320),.UNSPECIFIED.,.T.,.F.) B_SPLINE_CURVE_WITH_KNOTS((1,2
    ,2,2,2,1),(-2.094395102393,0.,2.094395102393,4.188790204786,
6.28318530718,8.377580409573),.UNSPECIFIED.) CURVE() 
GEOMETRIC_REPRESENTATION_ITEM() RATIONAL_B_SPLINE_CURVE((1.,0.5,1.,0.5,
1.,0.5,1.)) REPRESENTATION_ITEM('') );
#2314 = CARTESIAN_POINT('',(7.2,3.6));
#2315 = CARTESIAN_POINT('',(7.2,-2.635382907248));
#2316 = CARTESIAN_POINT('',(1.8,0.482308546376));
#2317 = CARTESIAN_POINT('',(-3.6,3.6));
#2318 = CARTESIAN_POINT('',(1.8,6.717691453624));
#2319 = CARTESIAN_POINT('',(7.2,9.835382907248));
#2320 = CARTESIAN_POINT('',(7.2,3.6));
#2321 = ( GEOMETRIC_REPRESENTATION_CONTEXT(2) 
PARAMETRIC_REPRESENTATION_CONTEXT() REPRESENTATION_CONTEXT('2D SPACE',''
  ) );
#2322 = ORIENTED_EDGE('',*,*,#2221,.T.);
#2323 = ORIENTED_EDGE('',*,*,#1196,.F.);
#2324 = ORIENTED_EDGE('',*,*,#1081,.F.);
#2325 = ADVANCED_FACE('',(#2326,#2336),#1069,.F.);
#2326 = FACE_BOUND('',#2327,.F.);
#2327 = EDGE_LOOP('',(#2328,#2329,#2330,#2331,#2332,#2333,#2334,#2335));
#2328 = ORIENTED_EDGE('',*,*,#2244,.F.);
#2329 = ORIENTED_EDGE('',*,*,#2297,.F.);
#2330 = ORIENTED_EDGE('',*,*,#1046,.T.);
#2331 = ORIENTED_EDGE('',*,*,#2269,.T.);
#2332 = ORIENTED_EDGE('',*,*,#2020,.T.);
#2333 = ORIENTED_EDGE('',*,*,#2067,.F.);
#2334 = ORIENTED_EDGE('',*,*,#2121,.F.);
#2335 = ORIENTED_EDGE('',*,*,#2170,.T.);
#2336 = FACE_BOUND('',#2337,.F.);
#2337 = EDGE_LOOP('',(#2338,#2339,#2340,#2341,#2342,#2343));
#2338 = ORIENTED_EDGE('',*,*,#1972,.F.);
#2339 = ORIENTED_EDGE('',*,*,#1602,.T.);
#2340 = ORIENTED_EDGE('',*,*,#1649,.T.);
#2341 = ORIENTED_EDGE('',*,*,#1739,.F.);
#2342 = ORIENTED_EDGE('',*,*,#1809,.F.);
#2343 = ORIENTED_EDGE('',*,*,#1947,.F.);
#2344 = ( GEOMETRIC_REPRESENTATION_CONTEXT(3) 
GLOBAL_UNCERTAINTY_ASSIGNED_CONTEXT((#2348)) 
GLOBAL_UNIT_ASSIGNED_CONTEXT((#2345,#2346,#2347)) REPRESENTATION_CONTEXT
('Context #1','3D Context with UNIT and UNCERTAINTY') );
#2345 = ( LENGTH_UNIT() NAMED_UNIT(*) SI_UNIT(.MILLI.,.METRE.) );
#2346 = ( NAMED_UNIT(*) PLANE_ANGLE_UNIT() SI_UNIT($,.RADIAN.) );
#2347 = ( NAMED_UNIT(*) SI_UNIT($,.STERADIAN.) SOLID_ANGLE_UNIT() );
#2348 = UNCERTAINTY_MEASURE_WITH_UNIT(LENGTH_MEASURE(1.E-07),#2345,
  'distance_accuracy_value','confusion accuracy');
#2349 = CONTEXT_DEPENDENT_SHAPE_REPRESENTATION(#2350,#2352);
#2350 = ( REPRESENTATION_RELATIONSHIP('','',#1039,#10) 
REPRESENTATION_RELATIONSHIP_WITH_TRANSFORMATION(#2351) 
SHAPE_REPRESENTATION_RELATIONSHIP() );
#2351 = ITEM_DEFINED_TRANSFORMATION('','',#11,#19);
#2352 = PRODUCT_DEFINITION_SHAPE('Placement','Placement of an item',
  #2353);
#2353 = NEXT_ASSEMBLY_USAGE_OCCURRENCE('2','puerta','',#5,#1034,$);
#2354 = PRODUCT_RELATED_PRODUCT_CATEGORY('part',$,(#1036));
#2355 = SHAPE_DEFINITION_REPRESENTATION(#2356,#2362);
#2356 = PRODUCT_DEFINITION_SHAPE('','',#2357);
#2357 = PRODUCT_DEFINITION('design','',#2358,#2361);
#2358 = PRODUCT_DEFINITION_FORMATION('','',#2359);
#2359 = PRODUCT('policarbonato','policarbonato','',(#2360));
#2360 = PRODUCT_CONTEXT('',#2,'mechanical');
#2361 = PRODUCT_DEFINITION_CONTEXT('part definition',#2,'design');
#2362 = ADVANCED_BREP_SHAPE_REPRESENTATION('',(#11,#2363),#2693);
#2363 = MANIFOLD_SOLID_BREP('',#2364);
#2364 = CLOSED_SHELL('',(#2365,#2485,#2585,#2632,#2679,#2686));
#2365 = ADVANCED_FACE('',(#2366),#2380,.F.);
#2366 = FACE_BOUND('',#2367,.F.);
#2367 = EDGE_LOOP('',(#2368,#2403,#2431,#2459));
#2368 = ORIENTED_EDGE('',*,*,#2369,.F.);
#2369 = EDGE_CURVE('',#2370,#2372,#2374,.T.);
#2370 = VERTEX_POINT('',#2371);
#2371 = CARTESIAN_POINT('',(-123.,-1.5,-173.));
#2372 = VERTEX_POINT('',#2373);
#2373 = CARTESIAN_POINT('',(-123.,-1.5,173.));
#2374 = SURFACE_CURVE('',#2375,(#2379,#2391),.PCURVE_S1.);
#2375 = LINE('',#2376,#2377);
#2376 = CARTESIAN_POINT('',(-123.,-1.5,-173.));
#2377 = VECTOR('',#2378,1.);
#2378 = DIRECTION('',(0.,0.,1.));
#2379 = PCURVE('',#2380,#2385);
#2380 = PLANE('',#2381);
#2381 = AXIS2_PLACEMENT_3D('',#2382,#2383,#2384);
#2382 = CARTESIAN_POINT('',(-123.,-1.5,-173.));
#2383 = DIRECTION('',(1.,0.,0.));
#2384 = DIRECTION('',(0.,0.,1.));
#2385 = DEFINITIONAL_REPRESENTATION('',(#2386),#2390);
#2386 = LINE('',#2387,#2388);
#2387 = CARTESIAN_POINT('',(0.,0.));
#2388 = VECTOR('',#2389,1.);
#2389 = DIRECTION('',(1.,0.));
#2390 = ( GEOMETRIC_REPRESENTATION_CONTEXT(2) 
PARAMETRIC_REPRESENTATION_CONTEXT() REPRESENTATION_CONTEXT('2D SPACE',''
  ) );
#2391 = PCURVE('',#2392,#2397);
#2392 = PLANE('',#2393);
#2393 = AXIS2_PLACEMENT_3D('',#2394,#2395,#2396);
#2394 = CARTESIAN_POINT('',(-123.,-1.5,-173.));
#2395 = DIRECTION('',(0.,1.,0.));
#2396 = DIRECTION('',(0.,0.,1.));
#2397 = DEFINITIONAL_REPRESENTATION('',(#2398),#2402);
#2398 = LINE('',#2399,#2400);
#2399 = CARTESIAN_POINT('',(0.,0.));
#2400 = VECTOR('',#2401,1.);
#2401 = DIRECTION('',(1.,0.));
#2402 = ( GEOMETRIC_REPRESENTATION_CONTEXT(2) 
PARAMETRIC_REPRESENTATION_CONTEXT() REPRESENTATION_CONTEXT('2D SPACE',''
  ) );
#2403 = ORIENTED_EDGE('',*,*,#2404,.T.);
#2404 = EDGE_CURVE('',#2370,#2405,#2407,.T.);
#2405 = VERTEX_POINT('',#2406);
#2406 = CARTESIAN_POINT('',(-123.,1.5,-173.));
#2407 = SURFACE_CURVE('',#2408,(#2412,#2419),.PCURVE_S1.);
#2408 = LINE('',#2409,#2410);
#2409 = CARTESIAN_POINT('',(-123.,-1.5,-173.));
#2410 = VECTOR('',#2411,1.);
#2411 = DIRECTION('',(0.,1.,0.));
#2412 = PCURVE('',#2380,#2413);
#2413 = DEFINITIONAL_REPRESENTATION('',(#2414),#2418);
#2414 = LINE('',#2415,#2416);
#2415 = CARTESIAN_POINT('',(0.,0.));
#2416 = VECTOR('',#2417,1.);
#2417 = DIRECTION('',(0.,-1.));
#2418 = ( GEOMETRIC_REPRESENTATION_CONTEXT(2) 
PARAMETRIC_REPRESENTATION_CONTEXT() REPRESENTATION_CONTEXT('2D SPACE',''
  ) );
#2419 = PCURVE('',#2420,#2425);
#2420 = PLANE('',#2421);
#2421 = AXIS2_PLACEMENT_3D('',#2422,#2423,#2424);
#2422 = CARTESIAN_POINT('',(-123.,-1.5,-173.));
#2423 = DIRECTION('',(0.,0.,1.));
#2424 = DIRECTION('',(1.,0.,0.));
#2425 = DEFINITIONAL_REPRESENTATION('',(#2426),#2430);
#2426 = LINE('',#2427,#2428);
#2427 = CARTESIAN_POINT('',(0.,0.));
#2428 = VECTOR('',#2429,1.);
#2429 = DIRECTION('',(0.,1.));
#2430 = ( GEOMETRIC_REPRESENTATION_CONTEXT(2) 
PARAMETRIC_REPRESENTATION_CONTEXT() REPRESENTATION_CONTEXT('2D SPACE',''
  ) );
#2431 = ORIENTED_EDGE('',*,*,#2432,.T.);
#2432 = EDGE_CURVE('',#2405,#2433,#2435,.T.);
#2433 = VERTEX_POINT('',#2434);
#2434 = CARTESIAN_POINT('',(-123.,1.5,173.));
#2435 = SURFACE_CURVE('',#2436,(#2440,#2447),.PCURVE_S1.);
#2436 = LINE('',#2437,#2438);
#2437 = CARTESIAN_POINT('',(-123.,1.5,-173.));
#2438 = VECTOR('',#2439,1.);
#2439 = DIRECTION('',(0.,0.,1.));
#2440 = PCURVE('',#2380,#2441);
#2441 = DEFINITIONAL_REPRESENTATION('',(#2442),#2446);
#2442 = LINE('',#2443,#2444);
#2443 = CARTESIAN_POINT('',(0.,-3.));
#2444 = VECTOR('',#2445,1.);
#2445 = DIRECTION('',(1.,0.));
#2446 = ( GEOMETRIC_REPRESENTATION_CONTEXT(2) 
PARAMETRIC_REPRESENTATION_CONTEXT() REPRESENTATION_CONTEXT('2D SPACE',''
  ) );
#2447 = PCURVE('',#2448,#2453);
#2448 = PLANE('',#2449);
#2449 = AXIS2_PLACEMENT_3D('',#2450,#2451,#2452);
#2450 = CARTESIAN_POINT('',(-123.,1.5,-173.));
#2451 = DIRECTION('',(0.,1.,0.));
#2452 = DIRECTION('',(0.,0.,1.));
#2453 = DEFINITIONAL_REPRESENTATION('',(#2454),#2458);
#2454 = LINE('',#2455,#2456);
#2455 = CARTESIAN_POINT('',(0.,0.));
#2456 = VECTOR('',#2457,1.);
#2457 = DIRECTION('',(1.,0.));
#2458 = ( GEOMETRIC_REPRESENTATION_CONTEXT(2) 
PARAMETRIC_REPRESENTATION_CONTEXT() REPRESENTATION_CONTEXT('2D SPACE',''
  ) );
#2459 = ORIENTED_EDGE('',*,*,#2460,.F.);
#2460 = EDGE_CURVE('',#2372,#2433,#2461,.T.);
#2461 = SURFACE_CURVE('',#2462,(#2466,#2473),.PCURVE_S1.);
#2462 = LINE('',#2463,#2464);
#2463 = CARTESIAN_POINT('',(-123.,-1.5,173.));
#2464 = VECTOR('',#2465,1.);
#2465 = DIRECTION('',(0.,1.,0.));
#2466 = PCURVE('',#2380,#2467);
#2467 = DEFINITIONAL_REPRESENTATION('',(#2468),#2472);
#2468 = LINE('',#2469,#2470);
#2469 = CARTESIAN_POINT('',(346.,0.));
#2470 = VECTOR('',#2471,1.);
#2471 = DIRECTION('',(0.,-1.));
#2472 = ( GEOMETRIC_REPRESENTATION_CONTEXT(2) 
PARAMETRIC_REPRESENTATION_CONTEXT() REPRESENTATION_CONTEXT('2D SPACE',''
  ) );
#2473 = PCURVE('',#2474,#2479);
#2474 = PLANE('',#2475);
#2475 = AXIS2_PLACEMENT_3D('',#2476,#2477,#2478);
#2476 = CARTESIAN_POINT('',(-123.,-1.5,173.));
#2477 = DIRECTION('',(0.,0.,1.));
#2478 = DIRECTION('',(1.,0.,0.));
#2479 = DEFINITIONAL_REPRESENTATION('',(#2480),#2484);
#2480 = LINE('',#2481,#2482);
#2481 = CARTESIAN_POINT('',(0.,0.));
#2482 = VECTOR('',#2483,1.);
#2483 = DIRECTION('',(0.,1.));
#2484 = ( GEOMETRIC_REPRESENTATION_CONTEXT(2) 
PARAMETRIC_REPRESENTATION_CONTEXT() REPRESENTATION_CONTEXT('2D SPACE',''
  ) );
#2485 = ADVANCED_FACE('',(#2486),#2500,.T.);
#2486 = FACE_BOUND('',#2487,.T.);
#2487 = EDGE_LOOP('',(#2488,#2518,#2541,#2564));
#2488 = ORIENTED_EDGE('',*,*,#2489,.F.);
#2489 = EDGE_CURVE('',#2490,#2492,#2494,.T.);
#2490 = VERTEX_POINT('',#2491);
#2491 = CARTESIAN_POINT('',(123.,-1.5,-173.));
#2492 = VERTEX_POINT('',#2493);
#2493 = CARTESIAN_POINT('',(123.,-1.5,173.));
#2494 = SURFACE_CURVE('',#2495,(#2499,#2511),.PCURVE_S1.);
#2495 = LINE('',#2496,#2497);
#2496 = CARTESIAN_POINT('',(123.,-1.5,-173.));
#2497 = VECTOR('',#2498,1.);
#2498 = DIRECTION('',(0.,0.,1.));
#2499 = PCURVE('',#2500,#2505);
#2500 = PLANE('',#2501);
#2501 = AXIS2_PLACEMENT_3D('',#2502,#2503,#2504);
#2502 = CARTESIAN_POINT('',(123.,-1.5,-173.));
#2503 = DIRECTION('',(1.,0.,0.));
#2504 = DIRECTION('',(0.,0.,1.));
#2505 = DEFINITIONAL_REPRESENTATION('',(#2506),#2510);
#2506 = LINE('',#2507,#2508);
#2507 = CARTESIAN_POINT('',(0.,0.));
#2508 = VECTOR('',#2509,1.);
#2509 = DIRECTION('',(1.,0.));
#2510 = ( GEOMETRIC_REPRESENTATION_CONTEXT(2) 
PARAMETRIC_REPRESENTATION_CONTEXT() REPRESENTATION_CONTEXT('2D SPACE',''
  ) );
#2511 = PCURVE('',#2392,#2512);
#2512 = DEFINITIONAL_REPRESENTATION('',(#2513),#2517);
#2513 = LINE('',#2514,#2515);
#2514 = CARTESIAN_POINT('',(0.,246.));
#2515 = VECTOR('',#2516,1.);
#2516 = DIRECTION('',(1.,0.));
#2517 = ( GEOMETRIC_REPRESENTATION_CONTEXT(2) 
PARAMETRIC_REPRESENTATION_CONTEXT() REPRESENTATION_CONTEXT('2D SPACE',''
  ) );
#2518 = ORIENTED_EDGE('',*,*,#2519,.T.);
#2519 = EDGE_CURVE('',#2490,#2520,#2522,.T.);
#2520 = VERTEX_POINT('',#2521);
#2521 = CARTESIAN_POINT('',(123.,1.5,-173.));
#2522 = SURFACE_CURVE('',#2523,(#2527,#2534),.PCURVE_S1.);
#2523 = LINE('',#2524,#2525);
#2524 = CARTESIAN_POINT('',(123.,-1.5,-173.));
#2525 = VECTOR('',#2526,1.);
#2526 = DIRECTION('',(0.,1.,0.));
#2527 = PCURVE('',#2500,#2528);
#2528 = DEFINITIONAL_REPRESENTATION('',(#2529),#2533);
#2529 = LINE('',#2530,#2531);
#2530 = CARTESIAN_POINT('',(0.,0.));
#2531 = VECTOR('',#2532,1.);
#2532 = DIRECTION('',(0.,-1.));
#2533 = ( GEOMETRIC_REPRESENTATION_CONTEXT(2) 
PARAMETRIC_REPRESENTATION_CONTEXT() REPRESENTATION_CONTEXT('2D SPACE',''
  ) );
#2534 = PCURVE('',#2420,#2535);
#2535 = DEFINITIONAL_REPRESENTATION('',(#2536),#2540);
#2536 = LINE('',#2537,#2538);
#2537 = CARTESIAN_POINT('',(246.,0.));
#2538 = VECTOR('',#2539,1.);
#2539 = DIRECTION('',(0.,1.));
#2540 = ( GEOMETRIC_REPRESENTATION_CONTEXT(2) 
PARAMETRIC_REPRESENTATION_CONTEXT() REPRESENTATION_CONTEXT('2D SPACE',''
  ) );
#2541 = ORIENTED_EDGE('',*,*,#2542,.T.);
#2542 = EDGE_CURVE('',#2520,#2543,#2545,.T.);
#2543 = VERTEX_POINT('',#2544);
#2544 = CARTESIAN_POINT('',(123.,1.5,173.));
#2545 = SURFACE_CURVE('',#2546,(#2550,#2557),.PCURVE_S1.);
#2546 = LINE('',#2547,#2548);
#2547 = CARTESIAN_POINT('',(123.,1.5,-173.));
#2548 = VECTOR('',#2549,1.);
#2549 = DIRECTION('',(0.,0.,1.));
#2550 = PCURVE('',#2500,#2551);
#2551 = DEFINITIONAL_REPRESENTATION('',(#2552),#2556);
#2552 = LINE('',#2553,#2554);
#2553 = CARTESIAN_POINT('',(0.,-3.));
#2554 = VECTOR('',#2555,1.);
#2555 = DIRECTION('',(1.,0.));
#2556 = ( GEOMETRIC_REPRESENTATION_CONTEXT(2) 
PARAMETRIC_REPRESENTATION_CONTEXT() REPRESENTATION_CONTEXT('2D SPACE',''
  ) );
#2557 = PCURVE('',#2448,#2558);
#2558 = DEFINITIONAL_REPRESENTATION('',(#2559),#2563);
#2559 = LINE('',#2560,#2561);
#2560 = CARTESIAN_POINT('',(0.,246.));
#2561 = VECTOR('',#2562,1.);
#2562 = DIRECTION('',(1.,0.));
#2563 = ( GEOMETRIC_REPRESENTATION_CONTEXT(2) 
PARAMETRIC_REPRESENTATION_CONTEXT() REPRESENTATION_CONTEXT('2D SPACE',''
  ) );
#2564 = ORIENTED_EDGE('',*,*,#2565,.F.);
#2565 = EDGE_CURVE('',#2492,#2543,#2566,.T.);
#2566 = SURFACE_CURVE('',#2567,(#2571,#2578),.PCURVE_S1.);
#2567 = LINE('',#2568,#2569);
#2568 = CARTESIAN_POINT('',(123.,-1.5,173.));
#2569 = VECTOR('',#2570,1.);
#2570 = DIRECTION('',(0.,1.,0.));
#2571 = PCURVE('',#2500,#2572);
#2572 = DEFINITIONAL_REPRESENTATION('',(#2573),#2577);
#2573 = LINE('',#2574,#2575);
#2574 = CARTESIAN_POINT('',(346.,0.));
#2575 = VECTOR('',#2576,1.);
#2576 = DIRECTION('',(0.,-1.));
#2577 = ( GEOMETRIC_REPRESENTATION_CONTEXT(2) 
PARAMETRIC_REPRESENTATION_CONTEXT() REPRESENTATION_CONTEXT('2D SPACE',''
  ) );
#2578 = PCURVE('',#2474,#2579);
#2579 = DEFINITIONAL_REPRESENTATION('',(#2580),#2584);
#2580 = LINE('',#2581,#2582);
#2581 = CARTESIAN_POINT('',(246.,0.));
#2582 = VECTOR('',#2583,1.);
#2583 = DIRECTION('',(0.,1.));
#2584 = ( GEOMETRIC_REPRESENTATION_CONTEXT(2) 
PARAMETRIC_REPRESENTATION_CONTEXT() REPRESENTATION_CONTEXT('2D SPACE',''
  ) );
#2585 = ADVANCED_FACE('',(#2586),#2392,.F.);
#2586 = FACE_BOUND('',#2587,.F.);
#2587 = EDGE_LOOP('',(#2588,#2609,#2610,#2631));
#2588 = ORIENTED_EDGE('',*,*,#2589,.F.);
#2589 = EDGE_CURVE('',#2370,#2490,#2590,.T.);
#2590 = SURFACE_CURVE('',#2591,(#2595,#2602),.PCURVE_S1.);
#2591 = LINE('',#2592,#2593);
#2592 = CARTESIAN_POINT('',(-123.,-1.5,-173.));
#2593 = VECTOR('',#2594,1.);
#2594 = DIRECTION('',(1.,0.,0.));
#2595 = PCURVE('',#2392,#2596);
#2596 = DEFINITIONAL_REPRESENTATION('',(#2597),#2601);
#2597 = LINE('',#2598,#2599);
#2598 = CARTESIAN_POINT('',(0.,0.));
#2599 = VECTOR('',#2600,1.);
#2600 = DIRECTION('',(0.,1.));
#2601 = ( GEOMETRIC_REPRESENTATION_CONTEXT(2) 
PARAMETRIC_REPRESENTATION_CONTEXT() REPRESENTATION_CONTEXT('2D SPACE',''
  ) );
#2602 = PCURVE('',#2420,#2603);
#2603 = DEFINITIONAL_REPRESENTATION('',(#2604),#2608);
#2604 = LINE('',#2605,#2606);
#2605 = CARTESIAN_POINT('',(0.,0.));
#2606 = VECTOR('',#2607,1.);
#2607 = DIRECTION('',(1.,0.));
#2608 = ( GEOMETRIC_REPRESENTATION_CONTEXT(2) 
PARAMETRIC_REPRESENTATION_CONTEXT() REPRESENTATION_CONTEXT('2D SPACE',''
  ) );
#2609 = ORIENTED_EDGE('',*,*,#2369,.T.);
#2610 = ORIENTED_EDGE('',*,*,#2611,.T.);
#2611 = EDGE_CURVE('',#2372,#2492,#2612,.T.);
#2612 = SURFACE_CURVE('',#2613,(#2617,#2624),.PCURVE_S1.);
#2613 = LINE('',#2614,#2615);
#2614 = CARTESIAN_POINT('',(-123.,-1.5,173.));
#2615 = VECTOR('',#2616,1.);
#2616 = DIRECTION('',(1.,0.,0.));
#2617 = PCURVE('',#2392,#2618);
#2618 = DEFINITIONAL_REPRESENTATION('',(#2619),#2623);
#2619 = LINE('',#2620,#2621);
#2620 = CARTESIAN_POINT('',(346.,0.));
#2621 = VECTOR('',#2622,1.);
#2622 = DIRECTION('',(0.,1.));
#2623 = ( GEOMETRIC_REPRESENTATION_CONTEXT(2) 
PARAMETRIC_REPRESENTATION_CONTEXT() REPRESENTATION_CONTEXT('2D SPACE',''
  ) );
#2624 = PCURVE('',#2474,#2625);
#2625 = DEFINITIONAL_REPRESENTATION('',(#2626),#2630);
#2626 = LINE('',#2627,#2628);
#2627 = CARTESIAN_POINT('',(0.,0.));
#2628 = VECTOR('',#2629,1.);
#2629 = DIRECTION('',(1.,0.));
#2630 = ( GEOMETRIC_REPRESENTATION_CONTEXT(2) 
PARAMETRIC_REPRESENTATION_CONTEXT() REPRESENTATION_CONTEXT('2D SPACE',''
  ) );
#2631 = ORIENTED_EDGE('',*,*,#2489,.F.);
#2632 = ADVANCED_FACE('',(#2633),#2448,.T.);
#2633 = FACE_BOUND('',#2634,.T.);
#2634 = EDGE_LOOP('',(#2635,#2656,#2657,#2678));
#2635 = ORIENTED_EDGE('',*,*,#2636,.F.);
#2636 = EDGE_CURVE('',#2405,#2520,#2637,.T.);
#2637 = SURFACE_CURVE('',#2638,(#2642,#2649),.PCURVE_S1.);
#2638 = LINE('',#2639,#2640);
#2639 = CARTESIAN_POINT('',(-123.,1.5,-173.));
#2640 = VECTOR('',#2641,1.);
#2641 = DIRECTION('',(1.,0.,0.));
#2642 = PCURVE('',#2448,#2643);
#2643 = DEFINITIONAL_REPRESENTATION('',(#2644),#2648);
#2644 = LINE('',#2645,#2646);
#2645 = CARTESIAN_POINT('',(0.,0.));
#2646 = VECTOR('',#2647,1.);
#2647 = DIRECTION('',(0.,1.));
#2648 = ( GEOMETRIC_REPRESENTATION_CONTEXT(2) 
PARAMETRIC_REPRESENTATION_CONTEXT() REPRESENTATION_CONTEXT('2D SPACE',''
  ) );
#2649 = PCURVE('',#2420,#2650);
#2650 = DEFINITIONAL_REPRESENTATION('',(#2651),#2655);
#2651 = LINE('',#2652,#2653);
#2652 = CARTESIAN_POINT('',(0.,3.));
#2653 = VECTOR('',#2654,1.);
#2654 = DIRECTION('',(1.,0.));
#2655 = ( GEOMETRIC_REPRESENTATION_CONTEXT(2) 
PARAMETRIC_REPRESENTATION_CONTEXT() REPRESENTATION_CONTEXT('2D SPACE',''
  ) );
#2656 = ORIENTED_EDGE('',*,*,#2432,.T.);
#2657 = ORIENTED_EDGE('',*,*,#2658,.T.);
#2658 = EDGE_CURVE('',#2433,#2543,#2659,.T.);
#2659 = SURFACE_CURVE('',#2660,(#2664,#2671),.PCURVE_S1.);
#2660 = LINE('',#2661,#2662);
#2661 = CARTESIAN_POINT('',(-123.,1.5,173.));
#2662 = VECTOR('',#2663,1.);
#2663 = DIRECTION('',(1.,0.,0.));
#2664 = PCURVE('',#2448,#2665);
#2665 = DEFINITIONAL_REPRESENTATION('',(#2666),#2670);
#2666 = LINE('',#2667,#2668);
#2667 = CARTESIAN_POINT('',(346.,0.));
#2668 = VECTOR('',#2669,1.);
#2669 = DIRECTION('',(0.,1.));
#2670 = ( GEOMETRIC_REPRESENTATION_CONTEXT(2) 
PARAMETRIC_REPRESENTATION_CONTEXT() REPRESENTATION_CONTEXT('2D SPACE',''
  ) );
#2671 = PCURVE('',#2474,#2672);
#2672 = DEFINITIONAL_REPRESENTATION('',(#2673),#2677);
#2673 = LINE('',#2674,#2675);
#2674 = CARTESIAN_POINT('',(0.,3.));
#2675 = VECTOR('',#2676,1.);
#2676 = DIRECTION('',(1.,0.));
#2677 = ( GEOMETRIC_REPRESENTATION_CONTEXT(2) 
PARAMETRIC_REPRESENTATION_CONTEXT() REPRESENTATION_CONTEXT('2D SPACE',''
  ) );
#2678 = ORIENTED_EDGE('',*,*,#2542,.F.);
#2679 = ADVANCED_FACE('',(#2680),#2420,.F.);
#2680 = FACE_BOUND('',#2681,.F.);
#2681 = EDGE_LOOP('',(#2682,#2683,#2684,#2685));
#2682 = ORIENTED_EDGE('',*,*,#2404,.F.);
#2683 = ORIENTED_EDGE('',*,*,#2589,.T.);
#2684 = ORIENTED_EDGE('',*,*,#2519,.T.);
#2685 = ORIENTED_EDGE('',*,*,#2636,.F.);
#2686 = ADVANCED_FACE('',(#2687),#2474,.T.);
#2687 = FACE_BOUND('',#2688,.T.);
#2688 = EDGE_LOOP('',(#2689,#2690,#2691,#2692));
#2689 = ORIENTED_EDGE('',*,*,#2460,.F.);
#2690 = ORIENTED_EDGE('',*,*,#2611,.T.);
#2691 = ORIENTED_EDGE('',*,*,#2565,.T.);
#2692 = ORIENTED_EDGE('',*,*,#2658,.F.);
#2693 = ( GEOMETRIC_REPRESENTATION_CONTEXT(3) 
GLOBAL_UNCERTAINTY_ASSIGNED_CONTEXT((#2697)) 
GLOBAL_UNIT_ASSIGNED_CONTEXT((#2694,#2695,#2696)) REPRESENTATION_CONTEXT
('Context #1','3D Context with UNIT and UNCERTAINTY') );
#2694 = ( LENGTH_UNIT() NAMED_UNIT(*) SI_UNIT(.MILLI.,.METRE.) );
#2695 = ( NAMED_UNIT(*) PLANE_ANGLE_UNIT() SI_UNIT($,.RADIAN.) );
#2696 = ( NAMED_UNIT(*) SI_UNIT($,.STERADIAN.) SOLID_ANGLE_UNIT() );
#2697 = UNCERTAINTY_MEASURE_WITH_UNIT(LENGTH_MEASURE(1.E-07),#2694,
  'distance_accuracy_value','confusion accuracy');
#2698 = CONTEXT_DEPENDENT_SHAPE_REPRESENTATION(#2699,#2701);
#2699 = ( REPRESENTATION_RELATIONSHIP('','',#2362,#10) 
REPRESENTATION_RELATIONSHIP_WITH_TRANSFORMATION(#2700) 
SHAPE_REPRESENTATION_RELATIONSHIP() );
#2700 = ITEM_DEFINED_TRANSFORMATION('','',#11,#23);
#2701 = PRODUCT_DEFINITION_SHAPE('Placement','Placement of an item',
  #2702);
#2702 = NEXT_ASSEMBLY_USAGE_OCCURRENCE('3','policarbonato','',#5,#2357,$
  );
#2703 = PRODUCT_RELATED_PRODUCT_CATEGORY('part',$,(#2359));
#2704 = MECHANICAL_DESIGN_GEOMETRIC_PRESENTATION_REPRESENTATION('',(
    #2705),#2344);
#2705 = STYLED_ITEM('color',(#2706),#1040);
#2706 = PRESENTATION_STYLE_ASSIGNMENT((#2707));
#2707 = SURFACE_STYLE_USAGE(.BOTH.,#2708);
#2708 = SURFACE_SIDE_STYLE('',(#2709));
#2709 = SURFACE_STYLE_FILL_AREA(#2710);
#2710 = FILL_AREA_STYLE('',(#2711));
#2711 = FILL_AREA_STYLE_COLOUR('',#2712);
#2712 = COLOUR_RGB('',0.55000000909,0.750000000934,0.850000012718);
#2713 = MECHANICAL_DESIGN_GEOMETRIC_PRESENTATION_REPRESENTATION('',(
    #2714),#1021);
#2714 = STYLED_ITEM('color',(#2715),#41);
#2715 = PRESENTATION_STYLE_ASSIGNMENT((#2716));
#2716 = SURFACE_STYLE_USAGE(.BOTH.,#2717);
#2717 = SURFACE_SIDE_STYLE('',(#2718));
#2718 = SURFACE_STYLE_FILL_AREA(#2719);
#2719 = FILL_AREA_STYLE('',(#2720));
#2720 = FILL_AREA_STYLE_COLOUR('',#2721);
#2721 = COLOUR_RGB('',0.139999997847,0.149999997808,0.180000002302);
#2722 = MECHANICAL_DESIGN_GEOMETRIC_PRESENTATION_REPRESENTATION('',(
    #2723),#2693);
#2723 = STYLED_ITEM('color',(#2724),#2363);
#2724 = PRESENTATION_STYLE_ASSIGNMENT((#2725));
#2725 = SURFACE_STYLE_USAGE(.BOTH.,#2726);
#2726 = SURFACE_SIDE_STYLE('',(#2727,#2731));
#2727 = SURFACE_STYLE_FILL_AREA(#2728);
#2728 = FILL_AREA_STYLE('',(#2729));
#2729 = FILL_AREA_STYLE_COLOUR('',#2730);
#2730 = COLOUR_RGB('',0.599999994755,0.800000010877,0.899999998185);
#2731 = SURFACE_STYLE_RENDERING_WITH_PROPERTIES(.NORMAL_SHADING.,#2730,(
    #2732));
#2732 = SURFACE_STYLE_TRANSPARENT(0.65000000596);
ENDSEC;
END-ISO-10303-21;
